counter,crf_crv
4,1
7,1
14,1
15,1
16,1
21,1
25,1
27,1
31,1
51,1
52,1
53,1
54,1
71,1
113,1
139,1
145,1
151,1
152,1
164,1
165,1
167,1
174,1
175,1
176,1
177,1
178,1
179,1
180,1
181,1
182,1
183,1
184,1
185,1
186,1
187,1
188,1
189,1
190,1
191,1
192,1
194,1
195,1
196,1
197,1
198,1
201,1
202,1
204,1
207,1
208,1
211,1
219,1
232,1
233,1
234,1
235,1
236,1
253,1
254,1
259,1
260,1
261,1
262,1
268,1
270,1
271,1
285,1
288,1
314,1
315,1
321,1
322,1
356,1
357,1
358,1
360,1
363,1
366,1
367,1
368,1
380,1
386,1
389,1
395,1
405,1
406,1
412,1
424,1
426,1
427,1
428,1
454,1
455,1
456,1
457,1
458,1
459,1
461,1
464,1
467,1
468,1
469,1
470,1
473,1
483,1
489,1
492,1
497,1
498,1
520,1
536,1
541,1
542,1
545,1
556,1
561,1
566,1
599,1
608,1
609,1
611,1
617,1
626,1
629,1
630,1
633,1
637,1
638,1
652,1
656,1
659,1
663,1
664,1
667,1
682,1
686,1
693,1
702,1
703,1
713,1
718,1
744,1
745,1
748,1
757,1
758,1
775,1
776,1
792,1
796,1
797,1
798,1
801,1
804,1
816,1
817,1
818,1
819,1
831,1
834,1
837,1
843,1
846,1
858,1
863,1
875,1
879,1
883,1
884,1
885,1
886,1
887,1
890,1
897,1
898,1
899,1
906,1
909,1
910,1
911,1
914,1
915,1
916,1
917,1
922,1
923,1
926,1
927,1
928,1
931,1
933,1
936,1
939,1
942,1
946,1
951,1
952,1
953,1
954,1
960,1
962,1
982,1
983,1
996,1
998,1
1027,1
1035,1
1036,1
1046,1
1051,1
1052,1
1053,1
1054,1
1055,1
1056,1
1057,1
1058,1
1059,1
1060,1
1061,1
1066,1
1067,1
1070,1
1092,1
1093,1
1095,1
1104,1
1106,1
1110,1
1111,1
1113,1
1114,1
1129,1
1133,1
1135,1
1136,1
1137,1
1147,1
1148,1
1155,1
1156,1
1158,1
1162,1
1167,1
1169,1
1173,1
1174,1
1176,1
1190,1
1191,1
1193,1
1194,1
1198,1
1250,1
1251,1
1252,1
1254,1
1256,1
1258,1
1261,1
1262,1
1265,1
1266,1
1267,1
1268,1
1272,1
1287,1
1288,1
1298,1
1299,1
1307,1
1308,1
1309,1
1311,1
1312,1
1313,1
1315,1
1316,1
1327,1
1333,1
1340,1
1345,1
1346,1
1350,1
1351,1
1356,1
1357,1
1358,1
1359,1
1360,1
1361,1
1362,1
1366,1
1371,1
1372,1
1374,1
1376,1
1382,1
1383,1
1384,1
1393,1
1394,1
1409,1
1416,1
1420,1
1423,1
1424,1
1425,1
1435,1
1437,1
1438,1
1440,1
1444,1
1445,1
1446,1
1448,1
1453,1
1459,1
1464,1
1471,1
1472,1
1475,1
1482,1
1489,1
1491,1
1494,1
1495,1
1496,1
1503,1
1506,1
1508,1
1510,1
1511,1
1512,1
1521,1
1522,1
1523,1
1525,1
1531,1
1532,1
1533,1
1535,1
1536,1
1538,1
1539,1
1540,1
1541,1
1542,1
1544,1
1545,1
1546,1
1547,1
1548,1
1549,1
1550,1
1551,1
1552,1
1553,1
1554,1
1555,1
1556,1
1557,1
1558,1
1560,1
1565,1
1567,1
1568,1
1573,1
1575,1
1582,1
1584,1
1595,1
1596,1
1606,1
1618,1
1628,1
1637,1
1649,1
1651,1
1668,1
1682,1
1683,1
1684,1
1685,1
1700,1
1717,1
1721,1
1743,1
1746,1
1747,1
1748,1
1750,1
1759,1
1772,1
1794,1
1806,1
1835,1
1836,1
1840,1
1841,1
1842,1
1871,1
1884,1
1891,1
1892,1
1898,1
1958,1
1969,1
1974,1
1978,1
1980,1
1996,1
2018,1
2019,1
2023,1
2070,1
2072,1
2078,1
2085,1
2086,1
2087,1
2091,1
2094,1
2098,1
2111,1
2112,1
2113,1
2114,1
2118,1
2121,1
2138,1
2147,1
2157,1
2159,1
2188,1
2190,1
2193,1
2212,1
2214,1
2295,1
2296,1
2318,1
2321,1
2330,1
2331,1
2335,1
2349,1
2362,1
2379,1
2382,1
2386,1
2389,1
2399,1
2401,1
2404,1
2405,1
2423,1
2438,1
2479,1
2487,1
2488,1
2511,1
2518,1
2519,1
2527,1
2535,1
2536,1
2540,1
2541,1
2542,1
2567,1
2576,1
2577,1
2578,1
2582,1
2585,1
2587,1
2590,1
2591,1
2592,1
2593,1
2594,1
2595,1
2596,1
2597,1
2598,1
2599,1
2600,1
2601,1
2603,1
2604,1
2605,1
2607,1
2608,1
2609,1
2611,1
2612,1
2613,1
2614,1
2616,1
2617,1
2618,1
2620,1
2622,1
2625,1
2627,1
2628,1
2629,1
2630,1
2631,1
2634,1
2635,1
2636,1
2637,1
2638,1
2640,1
2641,1
2642,1
2643,1
2644,1
2647,1
2659,1
2663,1
2664,1
2666,1
2670,1
2673,1
2676,1
2682,1
2728,1
2744,1
2746,1
2762,1
2763,1
2764,1
2766,1
2768,1
2770,1
2771,1
2773,1
2774,1
2775,1
2776,1
2777,1
2784,1
2787,1
2788,1
2791,1
2795,1
2798,1
2803,1
2804,1
2805,1
2821,1
2822,1
2825,1
2827,1
2830,1
2846,1
2849,1
2851,1
2853,1
2854,1
2856,1
2866,1
2878,1
2879,1
2881,1
2893,1
2894,1
2895,1
2897,1
2908,1
2911,1
2940,1
2944,1
2966,1
2967,1
2971,1
2972,1
2973,1
2976,1
2980,1
2983,1
2985,1
2987,1
2989,1
2991,1
2992,1
2993,1
2995,1
2997,1
2999,1
3000,1
3001,1
3005,1
3006,1
3010,1
3013,1
3015,1
3029,1
3034,1
3037,1
3040,1
3041,1
3045,1
3049,1
3050,1
3051,1
3052,1
3054,1
3055,1
3064,1
3071,1
3074,1
3082,1
3085,1
3086,1
3088,1
3090,1
3092,1
3094,1
3099,1
3103,1
3122,1
3125,1
3128,1
3131,1
3136,1
3152,1
3155,1
3187,1
3201,1
3203,1
3204,1
3207,1
3208,1
3209,1
3210,1
3213,1
3214,1
3216,1
3217,1
3219,1
3220,1
3223,1
3224,1
3226,1
3228,1
3229,1
3234,1
3241,1
3242,1
3245,1
3246,1
3250,1
3251,1
3264,1
3268,1
3270,1
3272,1
3274,1
3275,1
3276,1
3277,1
3281,1
3282,1
3283,1
3289,1
3290,1
3291,1
3293,1
3294,1
3308,1
3309,1
3311,1
3314,1
3323,1
3324,1
3325,1
3326,1
3332,1
3343,1
3369,1
3370,1
3375,1
3376,1
3378,1
3379,1
3391,1
3397,1
3400,1
3406,1
3428,1
3446,1
3489,1
3504,1
3544,1
3558,1
3606,1
3610,1
3626,1
3627,1
3634,1
3636,1
3642,1
3643,1
3644,1
3645,1
3646,1
3647,1
3648,1
3649,1
3654,1
3658,1
3664,1
3665,1
3670,1
3672,1
3676,1
3677,1
3681,1
3685,1
3693,1
3695,1
3708,1
3714,1
3724,1
3729,1
3745,1
3746,1
3747,1
3748,1
3751,1
3752,1
3763,1
3766,1
3767,1
3772,1
3773,1
3780,1
3782,1
3790,1
3793,1
3794,1
3795,1
3796,1
3797,1
3808,1
3809,1
3810,1
3823,1
3824,1
3827,1
3837,1
3842,1
3847,1
3848,1
3851,1
3854,1
3855,1
3856,1
3862,1
3867,1
3879,1
3881,1
3895,1
3909,1
3910,1
3911,1
3914,1
3921,1
3933,1
3934,1
3940,1
3955,1
4011,1
4046,1
4058,1
4061,1
4083,1
4084,1
4086,1
4087,1
4088,1
4091,1
4123,1
4128,1
4129,1
4130,1
4134,1
4155,1
4156,1
4157,1
4158,1
4161,1
4162,1
4163,1
4164,1
4165,1
4166,1
4167,1
4173,1
4179,1
4204,1
4205,1
4213,1
4216,1
4223,1
4224,1
4225,1
4245,1
4250,1
4251,1
4253,1
4288,1
4293,1
4296,1
4297,1
4298,1
4299,1
4303,1
4304,1
4333,1
4341,1
4365,1
4382,1
4388,1
4393,1
4394,1
4395,1
4403,1
4404,1
4405,1
4406,1
4411,1
4419,1
4420,1
4423,1
4429,1
4440,1
4459,1
4467,1
4468,1
4469,1
4483,1
4485,1
4489,1
4502,1
4504,1
4505,1
4508,1
4511,1
4518,1
4520,1
4521,1
4526,1
4527,1
4532,1
4535,1
4536,1
4561,1
4562,1
4563,1
4566,1
4567,1
4573,1
4592,1
4595,1
4614,1
4615,1
4617,1
4619,1
4620,1
4621,1
4622,1
4623,1
4636,1
4637,1
4642,1
4644,1
4645,1
4647,1
4654,1
4657,1
4659,1
4669,1
4670,1
4673,1
4687,1
4689,1
4691,1
4700,1
4711,1
4712,1
4713,1
4714,1
4716,1
4723,1
4726,1
4730,1
4743,1
4745,1
4746,1
4747,1
4748,1
4752,1
4759,1
4763,1
4774,1
4775,1
4788,1
4804,1
4805,1
4838,1
4877,1
4878,1
4883,1
4884,1
4888,1
4894,1
4895,1
4897,1
4902,1
4903,1
4907,1
4908,1
4909,1
4910,1
4912,1
4914,1
4917,1
4918,1
4920,1
4921,1
4922,1
4923,1
4929,1
4939,1
4942,1
4943,1
4950,1
4954,1
4955,1
4957,1
4960,1
4963,1
4975,1
4983,1
5025,1
5055,1
5061,1
5065,1
5066,1
5067,1
5069,1
5072,1
5073,1
5075,1
5076,1
5088,1
5094,1
5097,1
5102,1
5103,1
5126,1
5136,1
5169,1
5196,1
5208,1
5209,1
5212,1
5217,1
5230,1
5231,1
5232,1
5258,1
5259,1
5270,1
5271,1
5272,1
5276,1
5277,1
5289,1
5291,1
5304,1
5305,1
5306,1
5307,1
5308,1
5319,1
5321,1
5322,1
5323,1
5324,1
5325,1
5327,1
5328,1
5335,1
5336,1
5337,1
5340,1
5341,1
5344,1
5345,1
5346,1
5347,1
5348,1
5349,1
5350,1
5351,1
5352,1
5360,1
5361,1
5362,1
5363,1
5364,1
5365,1
5366,1
5367,1
5368,1
5369,1
5370,1
5371,1
5372,1
5373,1
5374,1
5376,1
5377,1
5378,1
5379,1
5380,1
5381,1
5391,1
5392,1
5394,1
5395,1
5396,1
5397,1
5398,1
5399,1
5401,1
5402,1
5403,1
5404,1
5405,1
5406,1
5407,1
5410,1
5411,1
5412,1
5413,1
5414,1
5415,1
5416,1
5417,1
5418,1
5419,1
5420,1
5421,1
5422,1
5423,1
5424,1
5425,1
5426,1
5427,1
5428,1
5429,1
5430,1
5431,1
5432,1
5433,1
5434,1
5435,1
5436,1
5437,1
5438,1
5439,1
5440,1
5442,1
5443,1
5444,1
5445,1
5446,1
5447,1
5448,1
5449,1
5450,1
5451,1
5452,1
5453,1
5454,1
5455,1
5456,1
5457,1
5458,1
5459,1
5460,1
5461,1
5462,1
5464,1
5465,1
5466,1
5467,1
5468,1
5469,1
5470,1
5471,1
5472,1
5473,1
5474,1
5475,1
5476,1
5477,1
5478,1
5480,1
5482,1
5483,1
5484,1
5485,1
5486,1
5487,1
5488,1
5489,1
5490,1
5491,1
5492,1
5493,1
5496,1
5497,1
5506,1
5508,1
5509,1
5512,1
5513,1
5514,1
5515,1
5516,1
5521,1
5522,1
5523,1
5524,1
5525,1
5526,1
5527,1
5528,1
5529,1
5534,1
5539,1
5540,1
5541,1
5542,1
5543,1
5544,1
5545,1
5546,1
5547,1
5548,1
5551,1
5555,1
5558,1
5559,1
5560,1
5565,1
5567,1
5569,1
5580,1
5582,1
5583,1
5584,1
5589,1
5591,1
5603,1
5608,1
5624,1
5634,1
5638,1
5639,1
5640,1
5641,1
5642,1
5643,1
5646,1
5648,1
5657,1
5663,1
5664,1
5674,1
5675,1
5678,1
5682,1
5685,1
5687,1
5694,1
5695,1
5696,1
5697,1
5701,1
5704,1
5706,1
5715,1
5720,1
5721,1
5734,1
5761,1
5762,1
5766,1
5769,1
5776,1
5777,1
5778,1
5788,1
5789,1
5791,1
5832,1
5844,1
5847,1
5851,1
5870,1
5871,1
5881,1
5914,1
5934,1
5935,1
5936,1
5938,1
5941,1
5942,1
5945,1
5950,1
5951,1
5956,1
5957,1
5958,1
5959,1
5961,1
5962,1
5963,1
5966,1
5967,1
5968,1
5969,1
5970,1
5975,1
5977,1
5978,1
5979,1
5980,1
5981,1
5982,1
5983,1
5985,1
5988,1
5989,1
5991,1
5992,1
5993,1
5994,1
5998,1
6000,1
6004,1
6005,1
6006,1
6008,1
6009,1
6010,1
6011,1
6012,1
6015,1
6016,1
6017,1
6019,1
6021,1
6022,1
6023,1
6024,1
6025,1
6026,1
6027,1
6032,1
6033,1
6034,1
6035,1
6036,1
6037,1
6041,1
6042,1
6044,1
6045,1
6046,1
6047,1
6050,1
6053,1
6054,1
6055,1
6056,1
6058,1
6059,1
6060,1
6061,1
6062,1
6063,1
6064,1
6065,1
6066,1
6071,1
6076,1
6077,1
6081,1
6082,1
6092,1
6094,1
6098,1
6099,1
6100,1
6104,1
6105,1
6106,1
6107,1
6108,1
6109,1
6110,1
6113,1
6114,1
6115,1
6116,1
6117,1
6118,1
6119,1
6120,1
6121,1
6122,1
6123,1
6124,1
6125,1
6126,1
6127,1
6129,1
6130,1
6137,1
6138,1
6139,1
6140,1
6141,1
6142,1
6143,1
6147,1
6148,1
6149,1
6151,1
6152,1
6155,1
6156,1
6160,1
6164,1
6165,1
6167,1
6168,1
6169,1
6170,1
6172,1
6173,1
6174,1
6175,1
6176,1
6180,1
6181,1
6182,1
6185,1
6186,1
6187,1
6189,1
6190,1
6191,1
6193,1
6194,1
6198,1
6208,1
6216,1
6217,1
6218,1
6223,1
6224,1
6227,1
6228,1
6229,1
6231,1
6232,1
6233,1
6236,1
6238,1
6242,1
6245,1
6253,1
6254,1
6256,1
6257,1
6258,1
6260,1
6261,1
6262,1
6263,1
6264,1
6265,1
6266,1
6267,1
6271,1
6272,1
6273,1
6274,1
6275,1
6277,1
6278,1
6279,1
6280,1
6281,1
6282,1
6283,1
6284,1
6285,1
6286,1
6287,1
6288,1
6290,1
6291,1
6292,1
6293,1
6294,1
6295,1
6296,1
6297,1
6298,1
6299,1
6301,1
6302,1
6303,1
6304,1
6305,1
6306,1
6307,1
6308,1
6310,1
6311,1
6314,1
6316,1
6317,1
6318,1
6319,1
6320,1
6321,1
6322,1
6326,1
6328,1
6330,1
6331,1
6333,1
6334,1
6336,1
6340,1
6342,1
6343,1
6345,1
6347,1
6348,1
6349,1
6350,1
6352,1
6353,1
6354,1
6355,1
6356,1
6358,1
6359,1
6360,1
6361,1
6362,1
6363,1
6364,1
6365,1
6366,1
6367,1
6368,1
6369,1
6370,1
6371,1
6372,1
6373,1
6374,1
6375,1
6376,1
6377,1
6378,1
6379,1
6380,1
6381,1
6382,1
6386,1
6387,1
6388,1
6389,1
6390,1
6391,1
6392,1
6393,1
6394,1
6395,1
6396,1
6397,1
6398,1
6399,1
6400,1
6401,1
6402,1
6403,1
6404,1
6405,1
6407,1
6408,1
6410,1
6411,1
6412,1
6413,1
6414,1
6415,1
6416,1
6417,1
6418,1
6419,1
6420,1
6421,1
6422,1
6423,1
6424,1
6425,1
6426,1
6427,1
6428,1
6429,1
6431,1
6432,1
6433,1
6434,1
6435,1
6436,1
6437,1
6438,1
6439,1
6440,1
6441,1
6442,1
6468,1
6469,1
6472,1
6473,1
6489,1
6501,1
6504,1
6509,1
6548,1
6549,1
6550,1
6551,1
6552,1
6553,1
6554,1
6555,1
6556,1
6557,1
6558,1
6559,1
6560,1
6561,1
6573,1
6577,1
6578,1
6579,1
6580,1
6581,1
6582,1
6583,1
6584,1
6585,1
6586,1
6587,1
6588,1
6589,1
6595,1
6596,1
6597,1
6599,1
6600,1
6602,1
6603,1
6606,1
6607,1
6610,1
6623,1
6631,1
6632,1
6633,1
6634,1
6641,1
6644,1
6651,1
6653,1
6658,1
6662,1
6667,1
6699,1
6736,1
6741,1
6761,1
6762,1
6766,1
6831,1
6853,1
6878,1
6887,1
6908,1
6945,1
6952,1
6954,1
6955,1
7058,1
7064,1
7070,1
7074,1
7084,1
7103,1
7114,1
7122,1
7123,1
7124,1
7125,1
7126,1
7127,1
7128,1
7129,1
7130,1
7131,1
7132,1
7133,1
7134,1
7135,1
7136,1
7141,1
7163,1
7165,1
7171,1
7172,1
7178,1
7182,1
7202,1
7212,1
7230,1
7231,1
7234,1
7239,1
7268,1
7270,1
7271,1
7275,1
7304,1
7325,1
7326,1
7327,1
7328,1
7329,1
7330,1
7331,1
7332,1
7337,1
7341,1
7343,1
7344,1
7345,1
7346,1
7347,1
7350,1
7351,1
7352,1
7355,1
7356,1
7364,1
7368,1
7369,1
7373,1
7376,1
7378,1
7379,1
7380,1
7381,1
7382,1
7383,1
7385,1
7386,1
7390,1
7391,1
7392,1
7393,1
7394,1
7403,1
7407,1
7408,1
7409,1
7410,1
7411,1
7412,1
7413,1
7414,1
7424,1
7425,1
7432,1
7433,1
7434,1
7435,1
7436,1
7437,1
7456,1
7459,1
7460,1
7475,1
7476,1
7480,1
7481,1
7513,1
7514,1
7517,1
7520,1
7522,1
7523,1
7551,1
7554,1
7555,1
7557,1
7561,1
7571,1
7572,1
7574,1
7577,1
7578,1
7580,1
7581,1
7593,1
7599,1
7602,1
7608,1
7623,1
7625,1
7626,1
7627,1
7629,1
7632,1
7635,1
7639,1
7640,1
7644,1
7645,1
7646,1
7647,1
7652,1
7657,1
7658,1
7666,1
7670,1
7692,1
7694,1
7695,1
7696,1
7697,1
7704,1
7713,1
7718,1
7719,1
7721,1
7722,1
7723,1
7728,1
7729,1
7730,1
7733,1
7736,1
7742,1
7749,1
7750,1
7751,1
7752,1
7754,1
7758,1
7760,1
7762,1
7768,1
7774,1
7777,1
7778,1
7789,1
7796,1
7797,1
7799,1
7800,1
7801,1
7804,1
7812,1
7815,1
7816,1
7817,1
7818,1
7819,1
7822,1
7823,1
7824,1
7827,1
7828,1
7831,1
7832,1
7833,1
7834,1
7835,1
7836,1
7838,1
7839,1
7840,1
7841,1
7842,1
7845,1
7847,1
7848,1
7849,1
7850,1
7851,1
7852,1
7853,1
7858,1
7859,1
7860,1
7861,1
7871,1
7873,1
7875,1
7876,1
7877,1
7878,1
7880,1
7881,1
7883,1
7886,1
7887,1
7888,1
7889,1
7890,1
7891,1
7892,1
7893,1
7894,1
7897,1
7898,1
7900,1
7901,1
7902,1
7911,1
7912,1
7913,1
7916,1
7917,1
7918,1
7919,1
7920,1
7921,1
7925,1
7926,1
7927,1
7930,1
7931,1
7932,1
7933,1
7934,1
7935,1
7936,1
7937,1
7941,1
7942,1
7943,1
7944,1
7945,1
7947,1
7948,1
7949,1
7950,1
7953,1
7954,1
7955,1
7956,1
7957,1
7958,1
7961,1
7965,1
7969,1
7975,1
7978,1
7990,1
7991,1
7997,1
8010,1
8011,1
8012,1
8039,1
8042,1
8058,1
8061,1
8067,1
8072,1
8077,1
8083,1
8094,1
8100,1
8105,1
8110,1
8116,1
8117,1
8125,1
8126,1
8138,1
8139,1
8159,1
8167,1
8175,1
8176,1
8177,1
8179,1
8180,1
8181,1
8184,1
8185,1
8194,1
8200,1
8201,1
8209,1
8210,1
8230,1
8234,1
8235,1
8270,1
8283,1
8289,1
8290,1
8299,1
8306,1
8314,1
8316,1
8317,1
8318,1
8319,1
8320,1
8321,1
8324,1
8325,1
8333,1
8335,1
8336,1
8337,1
8338,1
8339,1
8342,1
8343,1
8344,1
8357,1
8358,1
8364,1
8366,1
8367,1
8373,1
8374,1
8375,1
8376,1
8380,1
8381,1
8382,1
8383,1
8384,1
8387,1
8388,1
8389,1
8391,1
8392,1
8393,1
8395,1
8399,1
8400,1
8401,1
8402,1
8406,1
8409,1
8410,1
8413,1
8415,1
8421,1
8422,1
8423,1
8424,1
8429,1
8437,1
8442,1
8444,1
8445,1
8446,1
8447,1
8448,1
8449,1
8450,1
8457,1
8460,1
8470,1
8473,1
8474,1
8475,1
8476,1
8480,1
8481,1
8483,1
8484,1
8487,1
8488,1
8491,1
8494,1
8496,1
8499,1
8500,1
8501,1
8513,1
8517,1
8518,1
8519,1
8520,1
8521,1
8524,1
8525,1
8526,1
8527,1
8528,1
8529,1
8530,1
8531,1
8532,1
8533,1
8534,1
8535,1
8536,1
8537,1
8538,1
8539,1
8540,1
8549,1
8556,1
8567,1
8568,1
8571,1
8572,1
8574,1
8575,1
8576,1
8577,1
8578,1
8579,1
8580,1
8581,1
8582,1
8584,1
8587,1
8589,1
8593,1
8595,1
8596,1
8605,1
8609,1
8611,1
8615,1
8625,1
8626,1
8629,1
8634,1
8635,1
8642,1
8643,1
8644,1
8647,1
8648,1
8649,1
8650,1
8651,1
8652,1
8653,1
8654,1
8655,1
8657,1
8660,1
8663,1
8667,1
8668,1
8669,1
8670,1
8671,1
8672,1
8673,1
8674,1
8677,1
8685,1
8693,1
8694,1
8698,1
8699,1
8706,1
8717,1
8719,1
8720,1
8721,1
8722,1
8724,1
8725,1
8726,1
8727,1
8728,1
8729,1
8730,1
8731,1
8732,1
8733,1
8734,1
8735,1
8736,1
8737,1
8739,1
8741,1
8747,1
8749,1
8750,1
8753,1
8754,1
8755,1
8756,1
8759,1
8760,1
8761,1
8766,1
8773,1
8783,1
8788,1
8789,1
8790,1
8791,1
8797,1
8801,1
8808,1
8809,1
8812,1
8813,1
8814,1
8823,1
8825,1
8826,1
8827,1
8837,1
8839,1
8862,1
8868,1
8869,1
8874,1
8875,1
8878,1
8881,1
8889,1
8892,1
8893,1
8895,1
8901,1
8902,1
8920,1
8921,1
8939,1
8940,1
8947,1
8950,1
8951,1
8952,1
8955,1
8956,1
8957,1
8958,1
8959,1
8961,1
8962,1
8963,1
8964,1
8974,1
8975,1
8978,1
8981,1
8982,1
8983,1
8985,1
8987,1
8989,1
8990,1
8991,1
8994,1
8995,1
8996,1
8997,1
8998,1
8999,1
9000,1
9001,1
9002,1
9003,1
9004,1
9005,1
9006,1
9008,1
9009,1
9010,1
9011,1
9012,1
9013,1
9014,1
9015,1
9016,1
9017,1
9018,1
9019,1
9020,1
9021,1
9022,1
9023,1
9026,1
9027,1
9028,1
9029,1
9030,1
9031,1
9032,1
9033,1
9034,1
9035,1
9036,1
9037,1
9038,1
9050,1
9054,1
9055,1
9057,1
9060,1
9070,1
9072,1
9073,1
9079,1
9080,1
9092,1
9093,1
9094,1
9095,1
9107,1
9108,1
9110,1
9111,1
9113,1
9122,1
9143,1
9176,1
9182,1
9186,1
9189,1
9194,1
9197,1
9198,1
9199,1
9200,1
9201,1
9209,1
9211,1
9212,1
9214,1
9228,1
9233,1
9237,1
9238,1
9239,1
9256,1
9271,1
9282,1
9283,1
9284,1
9329,1
9448,1
9450,1
9486,1
9493,1
9494,1
9517,1
9518,1
9519,1
9520,1
9521,1
9524,1
9525,1
9528,1
9531,1
9533,1
9535,1
9536,1
9537,1
9538,1
9539,1
9540,1
9542,1
9552,1
9563,1
9572,1
9576,1
9581,1
9584,1
9586,1
9590,1
9594,1
9604,1
9627,1
9628,1
9642,1
9647,1
9669,1
9716,1
9755,1
9757,1
9759,1
9760,1
9761,1
9790,1
9792,1
9807,1
9811,1
9818,1
9819,1
9824,1
9825,1
9826,1
9827,1
9828,1
9829,1
9830,1
9842,1
9843,1
9848,1
9852,1
9853,1
9854,1
9856,1
9859,1
9860,1
9862,1
9863,1
9875,1
9879,1
9882,1
9888,1
9902,1
9903,1
9904,1
9906,1
9913,1
9922,1
10017,1
10022,1
10035,1
10045,1
10073,1
10083,1
10086,1
10088,1
10089,1
10090,1
10095,1
10100,1
10102,1
10103,1
10104,1
10105,1
10108,1
10109,1
10110,1
10112,1
10132,1
10135,1
10136,1
10142,1
10143,1
10144,1
10145,1
10148,1
10149,1
10150,1
10151,1
10152,1
10154,1
10161,1
10162,1
10163,1
10164,1
10169,1
10173,1
10174,1
10177,1
10178,1
10185,1
10200,1
10203,1
10206,1
10225,1
10226,1
10230,1
10236,1
10237,1
10238,1
10239,1
10240,1
10246,1
10247,1
10248,1
10249,1
10251,1
10254,1
10255,1
10256,1
10258,1
10259,1
10260,1
10261,1
10262,1
10263,1
10264,1
10270,1
10272,1
10280,1
10301,1
10304,1
10305,1
10308,1
10314,1
10316,1
10323,1
10324,1
10334,1
10338,1
10339,1
10340,1
10343,1
10347,1
10348,1
10349,1
10350,1
10363,1
10369,1
10377,1
10381,1
10385,1
10394,1
10397,1
10399,1
10401,1
10432,1
10439,1
10463,1
10475,1
10529,1
10530,1
10535,1
10540,1
10545,1
10546,1
10547,1
10548,1
10551,1
10552,1
10558,1
10568,1
10569,1
10571,1
10574,1
10575,1
10577,1
10578,1
10586,1
10587,1
10606,1
10613,1
10615,1
10616,1
10618,1
10620,1
10622,1
10623,1
10624,1
10625,1
10628,1
10629,1
10632,1
10640,1
10642,1
10643,1
10644,1
10645,1
10651,1
10652,1
10653,1
10663,1
10675,1
10690,1
10696,1
10697,1
10699,1
10702,1
10707,1
10708,1
10709,1
10714,1
10715,1
10716,1
10717,1
10725,1
10736,1
10748,1
10750,1
10751,1
10752,1
10760,1
10761,1
10763,1
10764,1
10767,1
10770,1
10776,1
10778,1
10784,1
10796,1
10798,1
10805,1
10806,1
10808,1
10809,1
10810,1
10811,1
10813,1
10815,1
10816,1
10821,1
10822,1
10823,1
10824,1
10827,1
10831,1
10832,1
10835,1
10836,1
10837,1
10838,1
10841,1
10843,1
10845,1
10848,1
10850,1
10851,1
10852,1
10853,1
10854,1
10856,1
10857,1
10858,1
10859,1
10860,1
10862,1
10867,1
10870,1
10872,1
10873,1
10881,1
10886,1
10887,1
10888,1
10889,1
10891,1
10892,1
10894,1
10895,1
10896,1
10900,1
10901,1
10907,1
10912,1
10913,1
10917,1
10918,1
10919,1
10922,1
10923,1
10924,1
10925,1
10927,1
10928,1
10931,1
10934,1
10936,1
10938,1
10943,1
10945,1
10946,1
10947,1
10948,1
10949,1
10950,1
10954,1
10955,1
10959,1
10963,1
10964,1
10965,1
10966,1
10973,1
10976,1
10977,1
10983,1
10986,1
10987,1
10990,1
10993,1
10994,1
10995,1
10996,1
10998,1
10999,1
11000,1
11003,1
11005,1
11006,1
11007,1
11008,1
11011,1
11015,1
11016,1
11017,1
11019,1
11020,1
11021,1
11022,1
11023,1
11024,1
11025,1
11028,1
11029,1
11030,1
11033,1
11036,1
11040,1
11041,1
11042,1
11044,1
11046,1
11057,1
11058,1
11059,1
11060,1
11061,1
11062,1
11070,1
11071,1
11081,1
11082,1
11084,1
11085,1
11088,1
11089,1
11092,1
11093,1
11094,1
11096,1
11097,1
11098,1
11100,1
11102,1
11112,1
11113,1
11123,1
11124,1
11125,1
11126,1
11127,1
11128,1
11129,1
11141,1
11146,1
11147,1
11148,1
11153,1
11155,1
11156,1
11157,1
11158,1
11160,1
11162,1
11165,1
11168,1
11169,1
11171,1
11174,1
11175,1
11190,1
11197,1
11202,1
11212,1
11223,1
11228,1
11257,1
11258,1
11262,1
11264,1
11265,1
11266,1
11275,1
11277,1
11278,1
11279,1
11280,1
11281,1
11282,1
11296,1
11297,1
11299,1
11300,1
11301,1
11302,1
11303,1
11321,1
11334,1
11341,1
11345,1
11347,1
11355,1
11359,1
11360,1
11362,1
11368,1
11374,1
11389,1
11390,1
11391,1
11392,1
11393,1
11394,1
11395,1
11396,1
11397,1
11398,1
11399,1
11400,1
11401,1
11402,1
11403,1
11404,1
11405,1
11406,1
11407,1
11408,1
11409,1
11410,1
11413,1
11414,1
11416,1
11417,1
11424,1
11425,1
11427,1
11428,1
11429,1
11431,1
11434,1
11436,1
11439,1
11441,1
11442,1
11443,1
11444,1
11445,1
11447,1
11448,1
11483,1
11486,1
11487,1
11489,1
11490,1
11496,1
11497,1
11503,1
11506,1
11507,1
11508,1
11511,1
11515,1
11541,1
11544,1
11549,1
11550,1
11558,1
11560,1
11567,1
11573,1
11603,1
11604,1
11631,1
11633,1
11659,1
11664,1
11697,1
11698,1
11699,1
11701,1
11704,1
11705,1
11707,1
11708,1
11720,1
11726,1
11729,1
11735,1
11764,1
11765,1
11768,1
11772,1
11778,1
11781,1
11782,1
11787,1
11794,1
11813,1
11818,1
11820,1
11838,1
11839,1
11877,1
11964,1
11965,1
11967,1
11968,1
11974,1
11975,1
11977,1
12047,1
12306,1
12307,1
12308,1
12311,1
12322,1
12326,1
12327,1
12338,1
12340,1
12341,1
12357,1
12358,1
12359,1
12368,1
12383,1
12386,1
12391,1
12404,1
12407,1
12413,1
12431,1
12432,1
12434,1
12437,1
12438,1
12440,1
12441,1
12453,1
12459,1
12462,1
12468,1
12485,1
12487,1
12488,1
12490,1
12491,1
12494,1
12496,1
12497,1
12498,1
12500,1
12503,1
12504,1
12506,1
12507,1
12519,1
12525,1
12528,1
12534,1
12546,1
12547,1
12573,1
12575,1
12576,1
12580,1
12636,1
12637,1
12638,1
12639,1
12651,1
12652,1
12653,1
12655,1
12658,1
12659,1
12661,1
12662,1
12674,1
12680,1
12683,1
12689,1
12727,1
12730,1
12735,1
12736,1
12737,1
12740,1
12741,1
12746,1
12747,1
12748,1
12749,1
12769,1
12770,1
12790,1
12804,1
12806,1
12812,1
12814,1
12823,1
12852,1
12853,1
12855,1
12866,1
12897,1
12909,1
12933,1
12947,1
12951,1
12958,1
13005,1
13006,1
13022,1
13041,1
13059,1
13064,1
13067,1
13081,1
13082,1
13114,1
13116,1
13184,1
13192,1
13206,1
13235,1
13237,1
13245,1
13251,1
13253,1
13255,1
13256,1
13257,1
13258,1
13259,1
13264,1
13301,1
13312,1
13313,1
13314,1
13315,1
13326,1
13327,1
13328,1
13346,1
13350,1
13380,1
13417,1
13418,1
13434,1
13463,1
13485,1
13507,1
13515,1
13517,1
13524,1
13581,1
13604,1
13605,1
13607,1
13610,1
13611,1
13614,1
13625,1
13626,1
13627,1
13629,1
13630,1
13631,1
13632,1
13637,1
13640,1
13642,1
13645,1
13651,1
13660,1
13663,1
13667,1
13668,1
13671,1
13682,1
13683,1
13695,1
13697,1
13699,1
13712,1
13715,1
13716,1
13717,1
13723,1
13726,1
13731,1
13732,1
13735,1
13736,1
13737,1
13738,1
13739,1
13740,1
13741,1
13742,1
13743,1
13748,1
13749,1
13750,1
13751,1
13753,1
13759,1
13760,1
13761,1
13762,1
13763,1
13764,1
13767,1
13773,1
13774,1
13775,1
13778,1
13779,1
13780,1
13781,1
13782,1
13783,1
13786,1
13787,1
13788,1
13790,1
13793,1
13794,1
13796,1
13797,1
13806,1
13807,1
13829,1
13838,1
13839,1
13849,1
13851,1
13852,1
13858,1
13867,1
13868,1
13870,1
13873,1
13874,1
13876,1
13877,1
13889,1
13895,1
13898,1
13904,1
13922,1
13999,1
14002,1
14004,1
14007,1
14017,1
14032,1
14045,1
14046,1
14048,1
14049,1
14061,1
14064,1
14081,1
14082,1
14084,1
14104,1
14107,1
14110,1
14124,1
14135,1
14136,1
14137,1
14146,1
14147,1
14148,1
14149,1
14171,1
14179,1
14180,1
14181,1
14182,1
14189,1
14190,1
14191,1
14196,1
14197,1
14198,1
14199,1
14204,1
14207,1
14208,1
14231,1
14234,1
14241,1
14267,1
14280,1
14303,1
14309,1
14331,1
14340,1
14349,1
14357,1
14362,1
14367,1
14369,1
14370,1
14372,1
14374,1
14375,1
14376,1
14377,1
14380,1
14381,1
14399,1
14400,1
14413,1
14422,1
14423,1
14438,1
14439,1
14448,1
14449,1
14454,1
14456,1
14457,1
14491,1
14493,1
14494,1
14519,1
14520,1
14521,1
14522,1
14533,1
14534,1
14538,1
14539,1
14547,1
14548,1
14557,1
14558,1
14562,1
14563,1
14564,1
14565,1
14573,1
14575,1
14576,1
14577,1
14597,1
14610,1
14669,1
14715,1
14732,1
14782,1
14784,1
14785,1
14792,1
14793,1
14814,1
14816,1
14817,1
14818,1
14827,1
14832,1
14833,1
14835,1
14838,1
14843,1
14845,1
14846,1
14850,1
14852,1
14854,1
14859,1
14861,1
14862,1
14882,1
14883,1
14886,1
14895,1
14898,1
14905,1
14912,1
14913,1
14914,1
14916,1
14919,1
14920,1
14922,1
14933,1
14939,1
14942,1
14947,1
14948,1
15030,1
15057,1
15067,1
15070,1
15072,1
15086,1
15093,1
15096,1
15108,1
15109,1
15116,1
15117,1
15141,1
15151,1
15166,1
15167,1
15186,1
15188,1
15203,1
15361,1
15362,1
15367,1
15373,1
15374,1
15375,1
15389,1
15391,1
15394,1
15420,1
15427,1
15434,1
15439,1
15440,1
15443,1
15444,1
15445,1
15449,1
15453,1
15461,1
15467,1
15471,1
15475,1
15476,1
15505,1
15506,1
15510,1
15512,1
15513,1
15514,1
15515,1
15539,1
15543,1
15563,1
15581,1
15594,1
15603,1
15617,1
15643,1
15644,1
15645,1
15646,1
15647,1
15649,1
15652,1
15653,1
15655,1
15656,1
15657,1
15658,1
15685,1
15691,1
15692,1
15693,1
15695,1
15698,1
15699,1
15701,1
15702,1
15703,1
15715,1
15721,1
15724,1
15729,1
15730,1
15753,1
15758,1
15760,1
15761,1
15773,1
15774,1
15791,1
15792,1
15799,1
15812,1
15820,1
15822,1
15842,1
15843,1
15846,1
15849,1
15850,1
15857,1
15867,1
15872,1
15878,1
15879,1
15880,1
15882,1
15883,1
15885,1
15887,1
15888,1
15889,1
15890,1
15891,1
15893,1
15894,1
15895,1
15896,1
15897,1
15898,1
15899,1
15900,1
15901,1
15902,1
15903,1
15904,1
15905,1
15906,1
15909,1
15910,1
15911,1
15912,1
15913,1
15914,1
15915,1
15916,1
15918,1
15919,1
15921,1
15922,1
15923,1
15926,1
15927,1
15929,1
15932,1
15933,1
15934,1
15935,1
15936,1
15937,1
15942,1
15943,1
15949,1
15952,1
15953,1
15954,1
15956,1
15959,1
15960,1
15961,1
15962,1
15963,1
15964,1
15966,1
15967,1
15968,1
15969,1
15970,1
15971,1
15972,1
15973,1
15974,1
15976,1
15977,1
15979,1
15980,1
15981,1
15982,1
15983,1
15984,1
15985,1
15986,1
15987,1
15988,1
15989,1
15990,1
15991,1
15992,1
15993,1
15994,1
15995,1
15998,1
15999,1
16000,1
16001,1
16002,1
16003,1
16004,1
16006,1
16007,1
16008,1
16009,1
16010,1
16011,1
16012,1
16013,1
16018,1
16021,1
16022,1
16023,1
16024,1
16025,1
16026,1
16027,1
16028,1
16030,1
16031,1
16032,1
16034,1
16040,1
16041,1
16043,1
16045,1
16046,1
16047,1
16050,1
16057,1
16058,1
16059,1
16060,1
16065,1
16080,1
16085,1
16090,1
16093,1
16097,1
16105,1
16106,1
16108,1
16111,1
16112,1
16118,1
16119,1
16120,1
16121,1
16123,1
16140,1
16144,1
16159,1
16160,1
16161,1
16164,1
16167,1
16168,1
16170,1
16171,1
16174,1
16176,1
16177,1
16178,1
16179,1
16180,1
16181,1
16182,1
16183,1
16184,1
16185,1
16186,1
16187,1
16188,1
16189,1
16190,1
16192,1
16194,1
16195,1
16196,1
16197,1
16198,1
16199,1
16200,1
16201,1
16204,1
16205,1
16206,1
16207,1
16208,1
16228,1
16236,1
16237,1
16238,1
16262,1
16265,1
16266,1
16267,1
16272,1
16273,1
16278,1
16279,1
16280,1
16281,1
16285,1
16287,1
16288,1
16290,1
16295,1
16297,1
16298,1
16299,1
16300,1
16301,1
16305,1
16307,1
16308,1
16310,1
16315,1
16316,1
16317,1
16318,1
16323,1
16334,1
16336,1
16337,1
16338,1
16339,1
16344,1
16345,1
16346,1
16355,1
16359,1
16369,1
16384,1
16385,1
16386,1
16387,1
16388,1
16389,1
16393,1
16394,1
16395,1
16396,1
16397,1
16399,1
16400,1
16402,1
16405,1
16412,1
16413,1
16415,1
16418,1
16422,1
16423,1
16424,1
16425,1
16426,1
16427,1
16428,1
16429,1
16430,1
16435,1
16436,1
16438,1
16439,1
16442,1
16443,1
16445,1
16446,1
16452,1
16453,1
16454,1
16455,1
16458,1
16459,1
16460,1
16461,1
16462,1
16464,1
16466,1
16467,1
16468,1
16469,1
16473,1
16476,1
16477,1
16478,1
16479,1
16482,1
16486,1
16488,1
16489,1
16490,1
16491,1
16492,1
16493,1
16494,1
16495,1
16496,1
16497,1
16502,1
16503,1
16504,1
16505,1
16506,1
16509,1
16510,1
16511,1
16512,1
16513,1
16514,1
16516,1
16517,1
16518,1
16521,1
16522,1
16526,1
16528,1
16529,1
16530,1
16531,1
16533,1
16535,1
16536,1
16538,1
16539,1
16541,1
16545,1
16546,1
16547,1
16548,1
16549,1
16552,1
16553,1
16554,1
16558,1
16560,1
16562,1
16563,1
16564,1
16565,1
16566,1
16567,1
16569,1
16574,1
16575,1
16594,1
16597,1
16598,1
16599,1
16600,1
16605,1
16608,1
16609,1
16610,1
16612,1
16618,1
16620,1
16630,1
16631,1
16637,1
16640,1
16643,1
16644,1
16645,1
16646,1
16648,1
16649,1
16650,1
16651,1
16652,1
16654,1
16655,1
16661,1
16662,1
16671,1
16683,1
16695,1
16697,1
16698,1
16701,1
16704,1
16707,1
16708,1
16725,1
16770,1
16771,1
16816,1
16878,1
16945,1
16960,1
16974,1
16980,1
17005,1
17025,1
17031,1
17033,1
17036,1
17040,1
17041,1
17042,1
17043,1
17046,1
17047,1
17048,1
17051,1
17056,1
17060,1
17066,1
17069,1
17073,1
17076,1
17083,1
17086,1
17093,1
17094,1
17095,1
17105,1
17106,1
17116,1
17144,1
17146,1
17147,1
17151,1
17152,1
17157,1
17165,1
17167,1
17168,1
17172,1
17183,1
17184,1
17185,1
17186,1
17187,1
17190,1
17195,1
17199,1
17204,1
17219,1
17221,1
17222,1
17229,1
17236,1
17237,1
17241,1
17242,1
17243,1
17244,1
17245,1
17270,1
17385,1
17386,1
17426,1
17427,1
17428,1
17429,1
17430,1
17431,1
17432,1
17438,1
17446,1
17449,1
17457,1
17459,1
17464,1
17465,1
17469,1
17472,1
17473,1
17474,1
17497,1
17507,1
17510,1
17511,1
17513,1
17514,1
17519,1
17520,1
17524,1
17525,1
17526,1
17538,1
17546,1
17555,1
17696,1
17750,1
17751,1
17753,1
17754,1
17755,1
17756,1
17758,1
17759,1
17760,1
17761,1
17762,1
17763,1
17765,1
17766,1
17767,1
17778,1
17779,1
17780,1
17781,1
17815,1
17821,1
17824,1
17827,1
17828,1
17830,1
17831,1
17843,1
17849,1
17852,1
17858,1
17873,1
17882,1
17886,1
17900,1
17905,1
17907,1
17923,1
17924,1
17926,1
17928,1
17931,1
17934,1
17936,1
17937,1
17939,1
17961,1
17964,1
17966,1
17971,1
17974,1
17989,1
17991,1
17994,1
17996,1
17997,1
17999,1
18000,1
18001,1
18004,1
18005,1
18007,1
18008,1
18013,1
18014,1
18016,1
18017,1
18018,1
18019,1
18025,1
18026,1
18028,1
18033,1
18034,1
18035,1
18036,1
18037,1
18038,1
18051,1
18066,1
18082,1
18087,1
18088,1
18089,1
18090,1
18092,1
18116,1
18117,1
18124,1
18192,1
18197,1
18201,1
18202,1
18204,1
18205,1
18211,1
18213,1
18214,1
18220,1
18221,1
18222,1
18225,1
18226,1
18227,1
18228,1
18229,1
18231,1
18232,1
18233,1
18234,1
18235,1
18238,1
18240,1
18241,1
18242,1
18244,1
18246,1
18247,1
18248,1
18250,1
18251,1
18255,1
18256,1
18258,1
18259,1
18260,1
18261,1
18262,1
18264,1
18265,1
18266,1
18267,1
18268,1
18269,1
18270,1
18271,1
18274,1
18275,1
18277,1
18279,1
18280,1
18283,1
18284,1
18288,1
18289,1
18290,1
18299,1
18300,1
18301,1
18302,1
18303,1
18308,1
18309,1
18310,1
18314,1
18315,1
18316,1
18317,1
18318,1
18319,1
18326,1
18327,1
18329,1
18330,1
18331,1
18332,1
18333,1
18334,1
18337,1
18338,1
18339,1
18342,1
18371,1
18372,1
18373,1
18378,1
18383,1
18386,1
18388,1
18389,1
18391,1
18394,1
18398,1
18399,1
18400,1
18401,1
18402,1
18403,1
18404,1
18405,1
18412,1
18418,1
18419,1
18421,1
18425,1
18426,1
18431,1
18439,1
18443,1
18449,1
18452,1
18457,1
18458,1
18462,1
18468,1
18474,1
18475,1
18479,1
18492,1
18494,1
18501,1
18502,1
18503,1
18505,1
18508,1
18509,1
18511,1
18512,1
18524,1
18530,1
18533,1
18539,1
18547,1
18586,1
18588,1
18590,1
18595,1
18605,1
18618,1
18641,1
18642,1
18646,1
18647,1
18653,1
18654,1
18655,1
18656,1
18658,1
18665,1
18680,1
18681,1
18682,1
18711,1
18726,1
18739,1
18748,1
18749,1
18750,1
18751,1
18774,1
18785,1
18788,1
18797,1
18813,1
18814,1
18825,1
18829,1
18830,1
18832,1
18833,1
18836,1
18837,1
18841,1
18842,1
18843,1
18844,1
18848,1
18849,1
18853,1
18854,1
18855,1
18856,1
18857,1
18858,1
18859,1
18860,1
18861,1
18864,1
18865,1
18866,1
18867,1
18868,1
18869,1
18870,1
18871,1
18872,1
18873,1
18874,1
18876,1
18877,1
18878,1
18899,1
18900,1
18901,1
18903,1
18904,1
18905,1
18908,1
18909,1
18910,1
18912,1
18924,1
18925,1
18926,1
18927,1
18931,1
18932,1
18946,1
18970,1
18974,1
19002,1
19005,1
19015,1
19017,1
19049,1
19050,1
19067,1
19072,1
19077,1
19105,1
19106,1
19112,1
19114,1
19117,1
19121,1
19122,1
19131,1
19139,1
19146,1
19147,1
19162,1
19170,1
19174,1
19202,1
19203,1
19219,1
19223,1
19224,1
19228,1
19267,1
19272,1
19274,1
19281,1
19283,1
19293,1
19297,1
19300,1
19305,1
19306,1
19312,1
19338,1
19382,1
19393,1
19397,1
19404,1
19424,1
19455,1
19463,1
19508,1
19567,1
19568,1
19569,1
19578,1
19579,1
19586,1
19618,1
19650,1
19651,1
19652,1
19654,1
19657,1
19658,1
19660,1
19662,1
19664,1
19674,1
19677,1
19685,1
19688,1
19692,1
19695,1
19704,1
19705,1
19706,1
19707,1
19710,1
19711,1
19712,1
19713,1
19714,1
19715,1
19716,1
19717,1
19721,1
19722,1
19723,1
19724,1
19725,1
19737,1
19738,1
19739,1
19740,1
19741,1
19742,1
19743,1
19754,1
19755,1
19759,1
19761,1
19764,1
19765,1
19774,1
19776,1
19777,1
19779,1
19784,1
19787,1
19799,1
19804,1
19809,1
19810,1
19811,1
19814,1
19819,1
19821,1
19822,1
19823,1
19824,1
19836,1
19842,1
19845,1
19851,1
19862,1
19864,1
19865,1
19870,1
19874,1
19877,1
19878,1
19889,1
19890,1
19891,1
19892,1
19893,1
19896,1
19900,1
19901,1
19904,1
19905,1
19913,1
19914,1
19923,1
19952,1
19953,1
19954,1
19955,1
19956,1
19957,1
19960,1
19961,1
19962,1
19963,1
19964,1
19977,1
19983,1
19988,1
19994,1
20002,1
20011,1
20029,1
20033,1
20041,1
20048,1
20064,1
20065,1
20079,1
20114,1
20154,1
20158,1
20159,1
20170,1
20171,1
20173,1
20175,1
20219,1
20259,1
20262,1
20332,1
20342,1
20343,1
20345,1
20365,1
20378,1
20422,1
20423,1
20434,1
20435,1
20436,1
20439,1
20442,1
20445,1
20447,1
20453,1
20455,1
20465,1
20468,1
20471,1
20472,1
20480,1
20487,1
20488,1
20493,1
20496,1
20498,1
20503,1
20512,1
20513,1
20514,1
20515,1
20516,1
20517,1
20518,1
20519,1
20528,1
20535,1
20538,1
20539,1
20546,1
20576,1
20577,1
20585,1
20602,1
20604,1
20607,1
20619,1
20625,1
20626,1
20639,1
20650,1
20651,1
20652,1
20653,1
20655,1
20656,1
20657,1
20658,1
20659,1
20668,1
20673,1
20674,1
20675,1
20677,1
20678,1
20680,1
20681,1
20684,1
20686,1
20687,1
20689,1
20690,1
20691,1
20692,1
20693,1
20694,1
20695,1
20696,1
20697,1
20699,1
20700,1
20708,1
20710,1
20714,1
20715,1
20717,1
20721,1
20732,1
20733,1
20736,1
20738,1
20739,1
20740,1
20741,1
20742,1
20746,1
20754,1
20755,1
20757,1
20761,1
20762,1
20763,1
20765,1
20772,1
20774,1
20775,1
20778,1
20781,1
20782,1
20784,1
20792,1
20796,1
20804,1
20810,1
20815,1
20818,1
20825,1
20826,1
20830,1
20836,1
20837,1
20839,1
20841,1
20842,1
20843,1
20844,1
20845,1
20846,1
20847,1
20849,1
20852,1
20854,1
20860,1
20865,1
20870,1
20871,1
20872,1
20873,1
20875,1
20876,1
20884,1
20888,1
20889,1
20890,1
20895,1
20898,1
20900,1
20901,1
20902,1
20904,1
20911,1
20915,1
20918,1
20924,1
20926,1
20927,1
20928,1
20929,1
20931,1
20932,1
20933,1
20934,1
20936,1
20937,1
20938,1
20939,1
20941,1
20942,1
20944,1
20945,1
20946,1
20947,1
20948,1
20949,1
20950,1
20951,1
20952,1
20953,1
20954,1
20955,1
20956,1
20957,1
20958,1
20959,1
20960,1
20962,1
20963,1
20964,1
20966,1
20967,1
20968,1
20970,1
20973,1
20974,1
20975,1
20976,1
20977,1
20978,1
20979,1
20980,1
20981,1
20982,1
20983,1
20985,1
20986,1
20987,1
20988,1
20989,1
20993,1
20994,1
20995,1
20997,1
20998,1
20999,1
21000,1
21001,1
21002,1
21003,1
21004,1
21005,1
21006,1
21008,1
21009,1
21012,1
21015,1
21019,1
21021,1
21022,1
21023,1
21025,1
21026,1
21027,1
21029,1
21031,1
21033,1
21034,1
21035,1
21039,1
21041,1
21042,1
21043,1
21044,1
21045,1
21046,1
21047,1
21048,1
21050,1
21053,1
21054,1
21057,1
21060,1
21062,1
21064,1
21066,1
21069,1
21070,1
21072,1
21073,1
21074,1
21075,1
21076,1
21077,1
21078,1
21081,1
21082,1
21083,1
21084,1
21087,1
21088,1
21091,1
21092,1
21095,1
21098,1
21099,1
21100,1
21101,1
21102,1
21108,1
21109,1
21110,1
21116,1
21127,1
21128,1
21130,1
21131,1
21134,1
21141,1
21143,1
21147,1
21151,1
21152,1
21198,1
21199,1
21203,1
21205,1
21226,1
21227,1
21228,1
21229,1
21230,1
21231,1
21232,1
21233,1
21234,1
21238,1
21239,1
21246,1
21260,1
21261,1
21268,1
21272,1
21274,1
21280,1
21298,1
21320,1
21321,1
21335,1
21387,1
21388,1
21390,1
21393,1
21394,1
21396,1
21397,1
21409,1
21415,1
21418,1
21424,1
21427,1
21436,1
21445,1
21446,1
21447,1
21448,1
21449,1
21450,1
21459,1
21462,1
21463,1
21467,1
21481,1
21485,1
21497,1
21504,1
21507,1
21514,1
21519,1
21520,1
21533,1
21549,1
21550,1
21551,1
21553,1
21559,1
21560,1
21561,1
21563,1
21566,1
21567,1
21569,1
21570,1
21582,1
21583,1
21589,1
21592,1
21597,1
21598,1
21607,1
21608,1
21614,1
21615,1
21625,1
21627,1
21629,1
21638,1
21642,1
21643,1
21644,1
21645,1
21646,1
21660,1
21661,1
21667,1
21668,1
21715,1
21745,1
21754,1
21786,1
21787,1
21825,1
21827,1
21828,1
21831,1
21839,1
21840,1
21841,1
21843,1
21845,1
21846,1
21847,1
21848,1
21852,1
21853,1
21854,1
21855,1
21856,1
21857,1
21858,1
21859,1
21867,1
21874,1
21883,1
21887,1
21896,1
21903,1
21905,1
21906,1
21907,1
21911,1
21939,1
22005,1
22017,1
22036,1
22039,1
22066,1
22068,1
22070,1
22071,1
22072,1
22073,1
22074,1
22075,1
22076,1
22082,1
22085,1
22087,1
22088,1
22089,1
22100,1
22114,1
22137,1
22138,1
22146,1
22147,1
22152,1
22154,1
22175,1
22176,1
22177,1
22178,1
22212,1
22213,1
22219,1
22220,1
22221,1
22222,1
22223,1
22243,1
22272,1
22298,1
22299,1
22300,1
22301,1
22302,1
22303,1
22304,1
22316,1
22329,1
22333,1
22341,1
22342,1
22361,1
22362,1
22408,1
22409,1
22453,1
22483,1
22488,1
22489,1
22496,1
22518,1
22519,1
22520,1
22536,1
22554,1
22563,1
22574,1
22577,1
22586,1
22604,1
22607,1
22618,1
22661,1
22663,1
22664,1
22673,1
22674,1
22675,1
22676,1
22677,1
22678,1
22679,1
22687,1
22688,1
22690,1
22691,1
22692,1
22703,1
22705,1
22706,1
22710,1
22743,1
22748,1
22754,1
22767,1
22769,1
22770,1
22775,1
22776,1
22781,1
22791,1
22822,1
22824,1
22826,1
22828,1
22836,1
22839,1
22840,1
22846,1
22848,1
22858,1
22859,1
22860,1
22870,1
22883,1
22892,1
22894,1
22896,1
22900,1
22901,1
22908,1
22909,1
22910,1
22911,1
22915,1
22942,1
22947,1
22959,1
22960,1
22961,1
22962,1
22963,1
22965,1
22967,1
22968,1
22972,1
22973,1
22975,1
22976,1
22977,1
22978,1
22979,1
22980,1
22984,1
22985,1
22986,1
22987,1
22988,1
22989,1
23006,1
23010,1
23011,1
23015,1
23017,1
23018,1
23019,1
23024,1
23035,1
23052,1
23082,1
23084,1
23085,1
23090,1
23091,1
23092,1
23093,1
23094,1
23095,1
23096,1
23097,1
23098,1
23099,1
23102,1
23103,1
23105,1
23113,1
23114,1
23115,1
23117,1
23120,1
23121,1
23123,1
23124,1
23142,1
23164,1
23188,1
23189,1
23197,1
23207,1
23219,1
23232,1
23236,1
23248,1
23254,1
23257,1
23260,1
23261,1
23266,1
23267,1
23274,1
23290,1
23291,1
23292,1
23293,1
23294,1
23295,1
23309,1
23311,1
23314,1
23316,1
23317,1
23323,1
23324,1
23325,1
23326,1
23333,1
23344,1
23346,1
23347,1
23349,1
23350,1
23352,1
23353,1
23354,1
23356,1
23357,1
23360,1
23364,1
23367,1
23369,1
23370,1
23377,1
23379,1
23387,1
23388,1
23389,1
23391,1
23394,1
23396,1
23398,1
23417,1
23422,1
23457,1
23485,1
23486,1
23494,1
23507,1
23508,1
23509,1
23516,1
23518,1
23519,1
23520,1
23523,1
23558,1
23561,1
23564,1
23567,1
23568,1
23586,1
23589,1
23595,1
23599,1
23634,1
23642,1
23656,1
23657,1
23670,1
23679,1
23682,1
23689,1
23690,1
23693,1
23694,1
23695,1
23698,1
23699,1
23700,1
23701,1
23702,1
23706,1
23707,1
23708,1
23709,1
23710,1
23711,1
23712,1
23716,1
23717,1
23719,1
23721,1
23724,1
23725,1
23727,1
23728,1
23730,1
23731,1
23733,1
23734,1
23735,1
23736,1
23742,1
23743,1
23744,1
23749,1
23750,1
23751,1
23755,1
23756,1
23759,1
23766,1
23774,1
23788,1
23791,1
23792,1
23793,1
23794,1
23815,1
23818,1
23822,1
23829,1
23830,1
23831,1
23832,1
23834,1
23835,1
23837,1
23844,1
23845,1
23846,1
23847,1
23848,1
23849,1
23850,1
23851,1
23853,1
23854,1
23855,1
23862,1
23863,1
23866,1
23869,1
23870,1
23871,1
23872,1
23886,1
23892,1
23898,1
23902,1
23905,1
23906,1
23918,1
23924,1
23927,1
23937,1
23948,1
23952,1
23958,1
23959,1
23960,1
23961,1
23963,1
23965,1
23966,1
23967,1
23968,1
23969,1
23971,1
23972,1
23974,1
23975,1
23976,1
23980,1
23981,1
23982,1
23983,1
23984,1
23985,1
23986,1
23990,1
23991,1
23992,1
23993,1
24024,1
24025,1
24026,1
24027,1
24036,1
24046,1
24047,1
24053,1
24056,1
24057,1
24066,1
24070,1
24076,1
24079,1
24084,1
24085,1
24090,1
24110,1
24136,1
24143,1
24145,1
24147,1
24148,1
24150,1
24151,1
24152,1
24153,1
24157,1
24158,1
24159,1
24160,1
24162,1
24163,1
24164,1
24165,1
24170,1
24171,1
24183,1
24189,1
24190,1
24191,1
24210,1
24306,1
24318,1
24320,1
24321,1
24350,1
24351,1
24384,1
24385,1
24389,1
24393,1
24436,1
24446,1
24450,1
24511,1
24512,1
24513,1
24516,1
24517,1
24519,1
24556,1
24557,1
24558,1
24575,1
24576,1
24577,1
24578,1
24579,1
24580,1
24581,1
24586,1
24587,1
24592,1
24595,1
24597,1
24604,1
24612,1
24623,1
24625,1
24638,1
24641,1
24646,1
24659,1
24660,1
24669,1
24671,1
24692,1
24693,1
24703,1
24716,1
24723,1
24749,1
24753,1
24754,1
24776,1
24808,1
24809,1
24812,1
24818,1
24820,1
24830,1
24833,1
24834,1
24846,1
24851,1
24870,1
24871,1
24872,1
24873,1
24878,1
24881,1
24886,1
24890,1
24892,1
24893,1
24894,1
24895,1
24896,1
24912,1
24913,1
24915,1
24929,1
24934,1
24936,1
25037,1
25040,1
25041,1
25042,1
25043,1
25046,1
25048,1
25052,1
25055,1
25057,1
25060,1
25067,1
25069,1
25072,1
25079,1
25090,1
25097,1
25102,1
25107,1
25108,1
25109,1
25112,1
25113,1
25114,1
25128,1
25186,1
25209,1
25229,1
25230,1
25234,1
25235,1
25236,1
25246,1
25247,1
25248,1
25250,1
25251,1
25252,1
25256,1
25257,1
25258,1
25277,1
25278,1
25284,1
25292,1
25293,1
25294,1
25295,1
25301,1
25302,1
25306,1
25309,1
25311,1
25313,1
25314,1
25328,1
25338,1
25339,1
25341,1
25344,1
25362,1
25365,1
25375,1
25384,1
25385,1
25392,1
25398,1
25399,1
25405,1
25408,1
25429,1
25441,1
25444,1
25449,1
25450,1
25462,1
25468,1
25471,1
25477,1
25495,1
25508,1
25529,1
25531,1
25534,1
25537,1
25538,1
25540,1
25541,1
25550,1
25554,1
25560,1
25563,1
25569,1
25580,1
25581,1
25589,1
25590,1
25594,1
25595,1
25605,1
25608,1
25609,1
25614,1
25632,1
25648,1
25650,1
25653,1
25656,1
25659,1
25660,1
25672,1
25678,1
25681,1
25688,1
25689,1
25697,1
25727,1
25728,1
25729,1
25731,1
25732,1
25749,1
25756,1
25759,1
25760,1
25765,1
25766,1
25770,1
25778,1
25779,1
25788,1
25789,1
25803,1
25807,1
25808,1
25815,1
25816,1
25817,1
25818,1
25819,1
25820,1
25821,1
25823,1
25826,1
25828,1
25829,1
25830,1
25833,1
25834,1
25844,1
25853,1
25858,1
25872,1
25881,1
25890,1
25894,1
25911,1
25914,1
25938,1
25939,1
25945,1
25949,1
25950,1
25951,1
25952,1
25958,1
25973,1
25976,1
25977,1
25986,1
25987,1
26008,1
26009,1
26024,1
26025,1
26028,1
26029,1
26030,1
26031,1
26032,1
26033,1
26034,1
26035,1
26036,1
26037,1
26038,1
26039,1
26041,1
26042,1
26043,1
26044,1
26045,1
26046,1
26047,1
26048,1
26049,1
26050,1
26051,1
26052,1
26053,1
26054,1
26055,1
26056,1
26059,1
26060,1
26062,1
26063,1
26064,1
26065,1
26066,1
26070,1
26071,1
26072,1
26084,1
26085,1
26099,1
26100,1
26109,1
26110,1
26111,1
26112,1
26113,1
26115,1
26126,1
26127,1
26128,1
26129,1
26130,1
26131,1
26132,1
26134,1
26135,1
26145,1
26150,1
26161,1
26162,1
26165,1
26166,1
26167,1
26168,1
26169,1
26170,1
26171,1
26172,1
26173,1
26174,1
26177,1
26178,1
26179,1
26180,1
26182,1
26183,1
26187,1
26189,1
26190,1
26214,1
26218,1
26229,1
26231,1
26233,1
26238,1
26254,1
26279,1
26286,1
26287,1
26288,1
26289,1
26293,1
26294,1
26297,1
26298,1
26299,1
26320,1
26321,1
26322,1
26323,1
26324,1
26325,1
26326,1
26340,1
26341,1
26342,1
26349,1
26350,1
26351,1
26468,1
26471,1
26478,1
26479,1
26490,1
26554,1
26555,1
26557,1
26559,1
26567,1
26570,1
26571,1
26572,1
26573,1
26574,1
26575,1
26576,1
26577,1
26578,1
26580,1
26582,1
26584,1
26595,1
26596,1
26599,1
26600,1
26601,1
26602,1
26604,1
26605,1
26606,1
26607,1
26608,1
26609,1
26610,1
26611,1
26613,1
26616,1
26620,1
26624,1
26625,1
26626,1
26627,1
26628,1
26635,1
26639,1
26640,1
26651,1
26654,1
26655,1
26667,1
26672,1
26691,1
26695,1
26696,1
26702,1
26731,1
26732,1
26733,1
26734,1
26736,1
26739,1
26919,1
26940,1
26941,1
26945,1
26946,1
26948,1
26949,1
26951,1
26954,1
26979,1
26981,1
26982,1
26991,1
27054,1
27055,1
27060,1
27061,1
27062,1
27110,1
27112,1
27122,1
27123,1
27128,1
27176,1
27190,1
27196,1
27200,1
27213,1
27214,1
27240,1
27242,1
27247,1
27249,1
27255,1
27258,1
27259,1
27263,1
27266,1
27267,1
27280,1
27294,1
27296,1
27297,1
27298,1
27299,1
27306,1
27307,1
27308,1
27312,1
27313,1
27317,1
27318,1
27319,1
27320,1
27325,1
27329,1
27335,1
27338,1
27344,1
27365,1
27366,1
27378,1
27379,1
27380,1
27381,1
27382,1
27392,1
27404,1
27405,1
27429,1
27465,1
27467,1
27468,1
27472,1
27484,1
27505,1
27519,1
27550,1
27551,1
27557,1
27568,1
27572,1
27579,1
27592,1
27596,1
27597,1
27606,1
27652,1
27653,1
27654,1
27656,1
27659,1
27660,1
27671,1
27679,1
27690,1
27702,1
27723,1
27724,1
27738,1
27749,1
27759,1
27778,1
27779,1
27780,1
27785,1
27786,1
27787,1
27788,1
27789,1
27790,1
27806,1
27812,1
27819,1
27820,1
27850,1
27859,1
27860,1
27868,1
27877,1
27878,1
27879,1
27883,1
27895,1
27898,1
27900,1
27902,1
27903,1
27905,1
27915,1
27918,1
27923,1
27924,1
27925,1
27926,1
27929,1
27931,1
27932,1
27933,1
27936,1
27937,1
27951,1
27963,1
27964,1
27969,1
27989,1
27990,1
27991,1
28027,1
28047,1
28086,1
28088,1
28095,1
28104,1
28105,1
28116,1
28117,1
28143,1
28145,1
28146,1
28147,1
28148,1
28152,1
28153,1
28154,1
28155,1
28156,1
28157,1
28158,1
28159,1
28160,1
28161,1
28162,1
28163,1
28164,1
28165,1
28167,1
28168,1
28169,1
28170,1
28171,1
28172,1
28173,1
28174,1
28184,1
28187,1
28191,1
28200,1
28210,1
28211,1
28214,1
28219,1
28220,1
28224,1
28237,1
28238,1
28241,1
28248,1
28272,1
28273,1
28280,1
28281,1
28284,1
28306,1
28307,1
28308,1
28309,1
28310,1
28311,1
28313,1
28316,1
28317,1
28319,1
28320,1
28332,1
28338,1
28341,1
28344,1
28348,1
28383,1
28392,1
28393,1
28394,1
28395,1
28409,1
28414,1
28417,1
28441,1
28442,1
28444,1
28447,1
28448,1
28450,1
28451,1
28452,1
28463,1
28469,1
28472,1
28478,1
28479,1
28488,1
28505,1
28520,1
28522,1
28530,1
28532,1
28534,1
28535,1
28549,1
28570,1
28571,1
28582,1
28583,1
28594,1
28595,1
28600,1
28601,1
28604,1
28606,1
28607,1
28608,1
28609,1
28610,1
28625,1
28627,1
28629,1
28630,1
28633,1
28637,1
28638,1
28656,1
28659,1
28660,1
28677,1
28679,1
28688,1
28695,1
28696,1
28719,1
28722,1
28724,1
28727,1
28728,1
28729,1
28731,1
28740,1
28741,1
28742,1
28746,1
28747,1
28748,1
28749,1
28750,1
28751,1
28752,1
28753,1
28754,1
28755,1
28756,1
28761,1
28762,1
28764,1
28765,1
28766,1
28767,1
28768,1
28769,1
28770,1
28771,1
28772,1
28773,1
28776,1
28777,1
28778,1
28779,1
28780,1
28781,1
28782,1
28788,1
28789,1
28790,1
28791,1
28794,1
28795,1
28796,1
28805,1
28807,1
28808,1
28810,1
28811,1
28812,1
28813,1
28814,1
28815,1
28816,1
28818,1
28819,1
28820,1
28826,1
28829,1
28830,1
28831,1
28834,1
28839,1
28841,1
28843,1
28844,1
28847,1
28850,1
28851,1
28852,1
28864,1
28869,1
28874,1
28875,1
28876,1
28877,1
28883,1
28892,1
28898,1
28902,1
28903,1
28906,1
28907,1
28908,1
28912,1
28914,1
28917,1
28922,1
28928,1
28931,1
28932,1
28942,1
28943,1
28944,1
28945,1
28946,1
28948,1
28951,1
28955,1
28957,1
28961,1
28962,1
28963,1
28965,1
28968,1
28969,1
28971,1
28972,1
28973,1
28974,1
28986,1
28992,1
28995,1
29002,1
29003,1
29004,1
29008,1
29010,1
29011,1
29025,1
29026,1
29027,1
29030,1
29032,1
29034,1
29039,1
29042,1
29043,1
29047,1
29054,1
29055,1
29067,1
29069,1
29072,1
29075,1
29077,1
29084,1
29087,1
29091,1
29092,1
29093,1
29094,1
29110,1
29118,1
29119,1
29132,1
29139,1
29155,1
29205,1
29233,1
29246,1
29252,1
29255,1
29264,1
29265,1
29266,1
29268,1
29271,1
29272,1
29274,1
29275,1
29284,1
29288,1
29292,1
29295,1
29298,1
29304,1
29308,1
29310,1
29318,1
29323,1
29324,1
29332,1
29335,1
29357,1
29369,1
29373,1
29380,1
29396,1
29412,1
29413,1
29414,1
29435,1
29439,1
29440,1
29442,1
29455,1
29459,1
29462,1
29463,1
29465,1
29466,1
29468,1
29479,1
29485,1
29488,1
29494,1
29499,1
29515,1
29516,1
29517,1
29518,1
29519,1
29520,1
29524,1
29527,1
29530,1
29532,1
29534,1
29535,1
29536,1
29537,1
29542,1
29550,1
29553,1
29557,1
29558,1
29559,1
29560,1
29561,1
29562,1
29566,1
29567,1
29568,1
29569,1
29571,1
29572,1
29573,1
29574,1
29575,1
29576,1
29577,1
29578,1
29579,1
29580,1
29581,1
29585,1
29586,1
29587,1
29588,1
29591,1
29592,1
29600,1
29606,1
29612,1
29628,1
29629,1
29630,1
29631,1
29632,1
29633,1
29634,1
29635,1
29636,1
29637,1
29638,1
29639,1
29640,1
29642,1
29643,1
29644,1
29645,1
29647,1
29648,1
29649,1
29650,1
29651,1
29654,1
29656,1
29657,1
29658,1
29659,1
29660,1
29661,1
29663,1
29664,1
29665,1
29667,1
29670,1
29671,1
29672,1
29673,1
29676,1
29679,1
29680,1
29683,1
29684,1
29696,1
29699,1
29717,1
29721,1
29727,1
29743,1
29745,1
29748,1
29749,1
29750,1
29751,1
29752,1
29754,1
29755,1
29756,1
29758,1
29761,1
29762,1
29763,1
29764,1
29783,1
29784,1
29785,1
29792,1
29793,1
29795,1
29810,1
29827,1
29850,1
29851,1
29852,1
29862,1
29865,1
29867,1
29868,1
29869,1
29870,1
29871,1
29874,1
29880,1
29881,1
29903,1
29907,1
29910,1
29912,1
29913,1
29915,1
29939,1
29947,1
29962,1
29969,1
29970,1
30015,1
30017,1
30020,1
30024,1
30027,1
30028,1
30029,1
30030,1
30033,1
30034,1
30038,1
30055,1
30056,1
30057,1
30062,1
30085,1
30086,1
30098,1
30129,1
30150,1
30152,1
30154,1
30155,1
30156,1
30167,1
30194,1
30195,1
30196,1
30197,1
30199,1
30220,1
30223,1
30224,1
30228,1
30229,1
30248,1
30280,1
30293,1
30296,1
30297,1
30300,1
30301,1
30302,1
30303,1
30307,1
30313,1
30314,1
30315,1
30328,1
30329,1
30330,1
30331,1
30332,1
30333,1
30334,1
30335,1
30336,1
30341,1
30377,1
30410,1
30411,1
30419,1
30420,1
30421,1
