username,crmf,crms,crmv,crnf,crns,crnv,crf_crv,ntus,crm,crn,nts_nts,fm,totaledit,vandal
Ungvarizs,0.000,0.000,0.000,20.833,20.833,45.833,25.000,0.000,0.000,87.500,0.000,0,24,0
Nelon Gerrard,40.000,20.000,40.000,0.000,0.000,0.000,30.000,0.000,100.000,0.000,0.000,1,10,0
Shinebright5522,0.976,1.463,1.463,7.317,1.951,34.634,23.902,0.000,3.902,43.902,12.195,1,205,0
Stephrhodes12,33.333,0.000,33.333,0.000,0.000,0.000,0.000,0.000,66.667,0.000,0.000,1,3,0
Mrraktima,0.000,25.000,0.000,0.000,0.000,0.000,0.000,0.000,25.000,0.000,0.000,1,4,0
Gary Patrick,27.273,22.727,50.000,0.000,0.000,0.000,40.909,0.000,100.000,0.000,0.000,1,22,0
ArthurBJ,0.000,0.000,0.000,0.000,0.000,0.000,0.000,0.000,0.000,0.000,0.000,1,1,0
Yevolution,0.000,0.000,0.000,0.000,0.000,50.000,0.000,0.000,0.000,50.000,0.000,0,2,0
Merujan Karapetyan,0.000,0.000,0.000,21.429,14.286,35.714,14.286,0.000,0.000,71.429,0.000,0,14,0
DrVentureWasRight,1.754,0.000,8.772,5.263,3.509,8.772,7.018,0.000,10.526,17.544,14.035,0,57,0
Spartan44,5.769,0.000,21.154,0.000,0.000,0.000,23.077,0.000,26.923,0.000,0.000,0,52,0
ErmengardeTenderstone,16.667,0.000,33.333,0.000,16.667,0.000,33.333,0.000,50.000,16.667,0.000,1,6,0
Lucybee13,0.000,0.000,0.000,21.053,31.579,31.579,26.316,0.000,0.000,84.211,0.000,0,19,0
Mattmcg91,0.000,0.000,0.000,11.111,0.000,11.111,0.000,0.000,0.000,22.222,0.000,0,9,0
Srikanth Aviator,0.667,0.667,16.000,9.333,2.667,6.667,17.333,0.667,18.000,19.333,8.000,0,150,0
BBoniface,7.874,0.000,7.087,15.748,8.661,19.685,18.898,2.362,14.961,44.094,1.575,1,127,0
Miarren,0.000,0.000,0.000,5.714,5.714,17.143,8.571,0.000,0.000,28.571,20.000,0,35,0
Seth groves22,0.000,0.000,0.000,25.000,0.000,25.000,50.000,0.000,0.000,50.000,0.000,0,4,0
Iman Shirwa,0.000,0.000,0.000,0.000,0.000,0.000,0.000,0.000,0.000,0.000,0.000,0,3,0
MABVN 5.56,0.000,0.000,0.000,33.333,0.000,0.000,0.000,0.000,0.000,33.333,0.000,0,3,0
Aallnu1,0.000,0.000,0.000,38.095,19.048,14.286,9.524,0.000,0.000,76.190,0.000,1,21,0
MBS1313,0.000,0.000,64.286,0.000,0.000,0.000,42.857,0.000,64.286,0.000,0.000,1,14,0
Nielex,0.000,0.000,0.000,0.000,33.333,0.000,0.000,0.000,0.000,33.333,0.000,1,6,0
Mercer.philosophy,0.481,0.481,10.096,17.308,9.615,27.885,24.519,0.000,11.058,54.808,2.404,0,208,0
Nunufarhanah,0.000,0.000,0.000,0.000,0.000,0.000,0.000,0.000,0.000,0.000,0.000,0,2,0
TheRealGuy.TheBestGuy.,0.000,0.000,75.000,0.000,0.000,0.000,25.000,0.000,75.000,0.000,0.000,1,4,0
Dhanush.K.S,16.667,16.667,33.333,0.000,0.000,0.000,33.333,0.000,66.667,0.000,0.000,1,6,0
Zany3781,0.000,0.000,0.000,0.000,0.000,0.000,0.000,0.000,0.000,0.000,0.000,1,2,0
AZgrace,0.000,0.000,0.000,66.667,0.000,16.667,16.667,0.000,0.000,83.333,0.000,1,6,0
Nikmand,0.000,0.000,0.000,0.000,0.000,85.714,78.571,0.000,0.000,85.714,0.000,1,14,0
GPAppleyard,0.000,0.000,0.000,40.000,0.000,40.000,40.000,0.000,0.000,80.000,0.000,1,5,0
Marc A Turner,0.000,0.000,20.000,0.000,0.000,10.000,10.000,0.000,20.000,10.000,0.000,1,10,0
Sfgiants24,0.000,0.000,0.000,0.000,50.000,0.000,0.000,0.000,0.000,50.000,25.000,0,8,0
Cedar Darrough,0.000,0.000,20.000,0.000,10.000,30.000,30.000,0.000,20.000,40.000,0.000,0,10,0
Chrsm,12.245,4.082,20.408,12.245,8.163,12.245,26.531,0.000,38.776,32.653,0.000,1,49,0
Bbcfan2001,0.000,0.000,0.000,50.000,0.000,0.000,0.000,0.000,0.000,50.000,0.000,1,2,0
KEVINASHBURNER,25.610,42.683,26.829,0.000,0.000,0.000,17.073,0.000,95.122,0.000,0.000,1,82,0
Iwannas,0.000,0.000,0.000,66.667,0.000,0.000,0.000,0.000,0.000,66.667,0.000,1,3,0
Amphiplex,6.557,6.557,24.590,19.672,11.475,13.115,27.869,0.000,37.705,44.262,0.000,0,61,0
KeshavKaps,14.706,5.882,41.176,0.000,0.000,2.941,29.412,0.000,61.765,2.941,0.000,1,34,0
AKSHAY KUMAR .M,0.000,0.000,29.412,0.000,0.000,0.000,29.412,0.000,29.412,0.000,0.000,1,17,0
Ek pahal,34.783,4.348,56.522,0.000,0.000,0.000,52.174,0.000,95.652,0.000,0.000,1,23,0
NekoLockLi,0.000,0.000,80.000,0.000,0.000,0.000,60.000,0.000,80.000,0.000,0.000,1,5,0
Krishna Mishra A,0.000,25.000,0.000,0.000,0.000,0.000,0.000,0.000,25.000,0.000,0.000,1,4,0
Dane Frizzell,38.462,26.923,19.231,0.000,0.000,3.846,15.385,0.000,84.615,3.846,0.000,1,26,0
Ollie231213,27.455,16.834,23.246,2.004,0.200,5.411,20.441,0.000,67.535,7.615,0.000,0,499,0
Gg53000,0.200,1.002,17.635,3.006,0.802,4.008,10.020,0.000,18.838,7.816,1.202,0,499,0
Rapperdash,100.000,0.000,0.000,0.000,0.000,0.000,0.000,0.000,100.000,0.000,0.000,1,3,0
Anvita Pandey,0.000,0.000,100.000,0.000,0.000,0.000,50.000,0.000,100.000,0.000,0.000,1,2,0
Twirlypen,5.926,8.889,13.333,8.148,5.185,8.148,9.630,1.481,28.148,21.481,8.889,1,135,0
Douglasweathers,0.000,0.000,0.000,0.000,0.000,0.000,0.000,0.000,0.000,0.000,0.000,0,2,0
SamTheMusicalGamer,10.000,0.000,10.000,0.000,10.000,0.000,10.000,10.000,20.000,10.000,40.000,1,10,0
EngjellusheL,27.027,4.054,68.919,0.000,0.000,0.000,67.568,0.000,100.000,0.000,0.000,1,74,0
Arjen37,0.000,0.000,25.000,0.000,0.000,25.000,0.000,0.000,25.000,25.000,0.000,0,4,0
Darrin32751,0.000,0.000,0.000,0.000,0.000,20.000,20.000,0.000,0.000,20.000,0.000,1,5,0
Ron belshaw,0.000,0.000,0.000,33.333,16.667,38.889,33.333,0.000,0.000,88.889,0.000,0,18,0
Powercp,12.500,18.750,18.750,0.000,0.000,0.000,6.250,0.000,50.000,0.000,0.000,0,16,0
Nypheean172,0.000,0.000,0.000,13.636,22.727,4.545,0.000,0.000,0.000,40.909,9.091,1,22,0
Misterbrownstone,5.714,17.143,11.429,0.000,0.000,2.857,8.571,0.000,34.286,2.857,0.000,0,35,0
GameShowGeek,0.000,1.695,35.593,0.000,0.000,0.000,35.593,0.000,37.288,0.000,0.000,0,59,0
Stefan Milosevic,0.000,0.000,0.000,15.030,2.004,31.062,24.850,0.000,0.000,48.096,3.607,0,499,0
Avraamu,5.263,0.000,21.053,0.000,0.000,15.789,26.316,0.000,26.316,15.789,0.000,1,19,0
MKayeGSA,0.000,0.000,0.000,0.000,0.000,0.000,0.000,0.000,0.000,0.000,0.000,1,3,0
Loowit research project,0.000,0.000,0.000,25.000,16.667,25.000,8.333,0.000,0.000,66.667,0.000,0,12,0
ObiWanKenobi11,1.835,0.917,6.422,0.917,0.917,2.752,7.339,0.000,9.633,4.587,0.459,0,218,0
DanTheMusicMan2,0.200,0.000,0.601,15.230,5.812,32.064,16.232,0.000,0.802,53.106,2.004,1,499,0
SAUDES,4.762,4.762,28.571,14.286,4.762,4.762,28.571,0.000,38.095,23.810,9.524,0,21,0
WesternDreamer,0.000,0.000,0.000,0.000,33.333,0.000,0.000,0.000,0.000,33.333,0.000,0,3,0
ThaoVyTran,50.000,0.000,0.000,0.000,0.000,0.000,0.000,0.000,50.000,0.000,0.000,1,2,0
Sabeer.shobi,0.000,50.000,50.000,0.000,0.000,0.000,0.000,0.000,100.000,0.000,0.000,1,2,0
Estefaniahrndz,25.000,12.500,0.000,25.000,0.000,0.000,0.000,0.000,37.500,25.000,0.000,0,8,0
LudRiK,0.000,0.000,0.000,0.000,25.000,12.500,0.000,0.000,0.000,37.500,0.000,0,8,0
Yuvan Anbu,50.000,0.000,50.000,0.000,0.000,0.000,50.000,0.000,100.000,0.000,0.000,1,2,0
Pilotniner,0.000,0.000,0.000,25.000,8.333,33.333,33.333,0.000,0.000,66.667,0.000,0,12,0
John K. Landre,12.500,18.750,40.625,3.125,0.000,0.000,34.375,0.000,71.875,3.125,0.000,0,32,0
Mirmehedi,0.000,0.000,66.667,0.000,0.000,0.000,33.333,0.000,66.667,0.000,0.000,0,3,0
Shorty Cake,0.000,0.000,50.000,0.000,0.000,0.000,0.000,0.000,50.000,0.000,0.000,1,2,0
XAPFIRE,20.000,20.000,40.000,0.000,0.000,0.000,20.000,0.000,80.000,0.000,0.000,1,5,0
Xue Fuqiao,0.000,13.333,0.000,0.000,13.333,6.667,0.000,0.000,13.333,20.000,20.000,1,15,0
BOHFGM,0.000,0.000,7.692,34.615,0.000,26.923,26.923,0.000,7.692,61.538,0.000,1,26,0
I edited this page,0.000,0.000,0.000,0.000,14.286,0.000,0.000,0.000,0.000,14.286,14.286,0,7,0
Sajjad Altaf,2.405,1.202,9.619,16.232,10.822,17.836,18.036,0.000,13.226,44.890,3.206,0,499,0
Antoinelemonnier,0.000,25.000,25.000,0.000,0.000,0.000,0.000,0.000,50.000,0.000,0.000,0,4,0
Hkenne3,0.000,0.000,0.000,19.048,9.524,38.095,33.333,0.000,0.000,66.667,0.000,1,21,0
Amr Wael,0.000,0.000,0.000,0.000,0.000,33.333,16.667,0.000,0.000,33.333,0.000,0,6,0
Ohwrotcod No. 2 public terminal,0.000,0.000,0.000,0.000,0.000,0.000,0.000,0.000,0.000,0.000,0.000,1,3,0
Ric8cruz,0.000,0.000,11.111,22.222,30.556,16.667,13.889,0.000,11.111,69.444,0.000,1,36,0
ZheerKURD,0.000,0.000,0.000,28.571,0.000,0.000,0.000,0.000,0.000,28.571,14.286,1,7,0
Juventiuswijayaaa,50.000,0.000,50.000,0.000,0.000,0.000,0.000,0.000,100.000,0.000,0.000,1,2,0
Pygarcia,8.696,7.246,7.246,11.594,18.841,4.348,8.696,0.000,23.188,34.783,2.899,0,69,0
Edito45678,0.000,0.000,0.000,16.364,1.818,45.455,38.182,0.000,0.000,63.636,1.818,0,55,0
Dr. Michael Hildreth,13.636,2.273,18.182,0.000,2.273,0.000,18.182,0.000,34.091,2.273,0.000,0,44,0
Coopedia,0.000,0.000,3.226,22.581,41.935,6.452,0.000,0.000,3.226,70.968,0.000,1,31,0
Wirapermana3,0.000,0.000,50.000,0.000,0.000,0.000,50.000,0.000,50.000,0.000,0.000,1,2,0
Azreenm,41.667,0.000,8.333,0.000,0.000,0.000,0.000,0.000,50.000,0.000,0.000,1,12,0
Eddybrad,8.333,66.667,0.000,0.000,0.000,0.000,0.000,0.000,75.000,0.000,0.000,0,12,0
Codekman,0.000,33.333,66.667,0.000,0.000,0.000,33.333,0.000,100.000,0.000,0.000,1,3,0
Smbergst,0.000,3.636,29.091,0.000,0.000,0.000,25.455,0.000,32.727,0.000,0.000,1,55,0
Valerians Mariach Julius Malcom,0.000,66.667,0.000,0.000,0.000,0.000,0.000,0.000,66.667,0.000,0.000,1,3,0
LeutrimMucaj,0.000,20.000,20.000,0.000,0.000,0.000,0.000,0.000,40.000,0.000,0.000,1,5,0
Conixat,0.000,0.000,50.000,0.000,0.000,25.000,25.000,0.000,50.000,25.000,0.000,0,4,0
Rossoh,10.236,8.661,6.299,1.575,3.937,6.299,7.874,0.787,25.197,11.811,14.961,0,127,0
Hafiztask,33.333,0.000,66.667,0.000,0.000,0.000,66.667,0.000,100.000,0.000,0.000,1,3,0
JRW03,0.000,0.000,0.000,0.000,0.000,41.176,29.412,0.000,0.000,41.176,5.882,1,17,0
Erikthau,0.000,0.000,0.000,0.000,0.000,0.000,0.000,0.000,0.000,0.000,0.000,1,2,0
Honest-john,2.806,0.200,6.212,4.810,0.401,41.683,45.691,0.000,9.218,46.894,0.401,1,499,0
GreekSoldier11,0.000,0.000,0.000,0.000,0.000,0.000,0.000,0.000,0.000,0.000,0.000,1,1,0
Swaggydudes,0.000,0.000,0.000,0.000,0.000,0.000,0.000,0.000,0.000,0.000,0.000,1,2,0
Creepydog101,0.000,0.000,0.000,14.286,0.000,42.857,42.857,0.000,0.000,57.143,0.000,0,7,0
DenDAY04,60.000,20.000,0.000,0.000,0.000,0.000,0.000,0.000,80.000,0.000,0.000,1,5,0
PhatDago,0.000,0.000,0.000,0.000,0.000,33.333,0.000,0.000,0.000,33.333,0.000,1,3,0
Kpoglu,0.000,100.000,0.000,0.000,0.000,0.000,0.000,0.000,100.000,0.000,0.000,1,2,0
Coplander101,0.000,0.000,50.000,0.000,0.000,0.000,0.000,0.000,50.000,0.000,0.000,0,2,0
Jkimxpolygons,1.961,9.804,3.922,5.882,5.882,13.725,7.843,0.000,15.686,25.490,0.000,0,51,0
Kailash chandra behera,11.111,66.667,22.222,0.000,0.000,0.000,22.222,0.000,100.000,0.000,0.000,1,9,0
RedStar24,0.000,0.000,16.667,25.000,8.333,0.000,8.333,0.000,16.667,33.333,0.000,1,12,0
Scitechie,0.000,0.000,0.000,11.111,11.111,11.111,0.000,0.000,0.000,33.333,0.000,0,9,0
Lisacarolinamartinez,4.348,4.348,0.000,4.348,13.043,13.043,4.348,0.000,8.696,30.435,8.696,1,23,0
"Oh Yeah, That Dude",0.000,0.000,26.087,0.000,0.000,0.000,26.087,0.000,26.087,0.000,0.000,1,23,0
Sjwiki2014,0.000,0.000,0.000,21.443,8.417,68.537,64.529,0.000,0.000,98.597,0.000,0,499,0
Silver44Stick,0.000,0.000,16.667,0.000,0.000,0.000,0.000,0.000,16.667,0.000,0.000,0,6,0
Rachel Marr,0.000,0.000,0.000,0.000,0.000,0.000,0.000,0.000,0.000,0.000,0.000,1,4,0
ArrowFanDude!,0.000,0.000,0.000,50.000,0.000,0.000,0.000,0.000,0.000,50.000,0.000,1,2,0
Fortgk,26.744,38.372,16.279,1.163,0.000,0.000,9.302,0.000,81.395,1.163,0.000,1,86,0
Mr.Davidovic,3.704,3.704,7.407,7.407,3.704,55.556,55.556,0.000,14.815,66.667,0.000,0,27,0
Huggyfee,0.000,0.000,81.250,0.000,0.000,0.000,81.250,0.000,81.250,0.000,0.000,0,16,0
Trakarom,0.000,0.000,7.407,25.926,14.815,33.333,37.037,0.000,7.407,74.074,0.000,0,27,0
Fushan007,1.403,0.200,4.609,3.607,3.808,9.619,6.814,2.004,6.212,17.034,7.615,1,499,0
Kevindibacco,0.000,0.000,94.118,0.000,0.000,0.000,88.235,0.000,94.118,0.000,0.000,1,17,0
Samipie,0.000,0.000,0.000,0.000,0.000,66.667,33.333,0.000,0.000,66.667,0.000,1,3,0
Perfect Blue Sphere,0.000,0.000,0.000,0.000,0.000,33.333,0.000,0.000,0.000,33.333,0.000,0,3,0
Archduke Liamus,0.000,0.000,100.000,0.000,0.000,0.000,0.000,0.000,100.000,0.000,0.000,1,1,0
Hypnopompus,2.959,0.000,7.692,8.876,2.959,14.201,10.059,0.000,10.651,26.036,20.118,0,169,0
Shashank Janardan,0.000,0.000,0.000,0.000,0.000,0.000,0.000,0.000,0.000,0.000,0.000,1,1,0
Johnnyboyfresshh,4.294,4.908,21.472,3.681,0.613,26.380,38.037,2.454,30.675,30.675,3.681,1,163,0
Judgejoker,5.357,12.500,14.286,8.929,1.786,0.000,10.714,0.000,32.143,10.714,0.000,0,56,0
Erick Shepherd,0.000,14.286,0.000,0.000,0.000,0.000,0.000,0.000,14.286,0.000,0.000,1,7,0
LegalizeDA.HERBandFREEyourSOUL,22.222,11.111,55.556,0.000,0.000,0.000,44.444,0.000,88.889,0.000,0.000,1,9,0
Amber Agrahari,50.000,0.000,50.000,0.000,0.000,0.000,25.000,0.000,100.000,0.000,0.000,1,4,0
Yokefor,3.883,0.000,8.738,9.709,0.971,24.272,27.184,0.000,12.621,34.951,0.000,0,103,0
LMoore37,0.000,0.000,0.000,17.647,52.941,11.765,5.882,0.000,0.000,82.353,0.000,0,17,0
Mellivora capensis,0.000,0.000,0.000,0.000,0.000,0.000,0.000,0.000,0.000,0.000,0.000,1,2,0
127845gqou,0.699,0.000,1.748,20.280,2.797,52.448,46.503,0.000,2.448,75.524,0.000,0,286,0
Rj99,0.000,0.000,9.091,0.000,0.000,18.182,9.091,0.000,9.091,18.182,9.091,0,11,0
Tekbahadurkhulal,0.000,0.000,75.000,0.000,0.000,0.000,50.000,0.000,75.000,0.000,0.000,1,4,0
NiranjanNawada,0.000,0.000,22.727,13.636,9.091,4.545,18.182,0.000,22.727,27.273,0.000,0,22,0
Derp4002,0.000,0.000,0.000,0.000,0.000,0.000,0.000,0.000,0.000,0.000,0.000,0,3,0
Billym2k,0.000,0.000,0.000,33.333,0.000,0.000,0.000,0.000,0.000,33.333,0.000,1,3,0
Mithun de,0.000,0.000,0.000,0.000,0.000,33.333,0.000,0.000,0.000,33.333,0.000,0,3,0
KickStarRabbit,0.000,0.000,0.000,0.000,0.000,0.000,0.000,0.000,0.000,0.000,0.000,1,2,0
Biochemputer,0.000,0.000,0.000,0.000,0.000,0.000,0.000,0.000,0.000,0.000,0.000,1,2,0
Vinnyboy08,4.124,0.000,9.278,12.371,4.124,14.433,16.495,0.000,13.402,30.928,2.062,1,97,0
JaptheRapper,0.000,0.000,0.000,0.000,0.000,0.000,0.000,0.000,0.000,0.000,0.000,1,3,0
MINEDUTYMax,20.000,0.000,60.000,0.000,0.000,0.000,40.000,0.000,80.000,0.000,0.000,1,5,0
Mangacomicswiki,0.000,0.000,0.000,0.000,0.000,0.000,0.000,0.000,0.000,0.000,0.000,1,1,0
PERFECTIONALIST,0.000,0.000,0.000,0.000,0.000,0.000,0.000,0.000,0.000,0.000,0.000,1,2,0
Emad Mayez,50.000,50.000,0.000,0.000,0.000,0.000,0.000,0.000,100.000,0.000,0.000,1,4,0
Pratik Mandlik,33.333,0.000,33.333,0.000,0.000,0.000,0.000,0.000,66.667,0.000,0.000,1,3,0
Bidesh pal,33.333,0.000,33.333,0.000,0.000,0.000,33.333,0.000,66.667,0.000,0.000,1,3,0
Carapanan,33.333,0.000,0.000,0.000,0.000,0.000,0.000,0.000,33.333,0.000,0.000,1,3,0
SpringheelForever,0.000,0.000,5.000,13.333,1.667,28.333,23.333,0.000,5.000,43.333,13.333,0,60,0
Sandip124,0.000,50.000,50.000,0.000,0.000,0.000,0.000,0.000,100.000,0.000,0.000,1,2,0
Gav679,0.000,10.000,40.000,0.000,10.000,0.000,30.000,0.000,50.000,10.000,0.000,1,10,0
FreightHarborers,0.000,0.000,33.333,0.000,0.000,0.000,0.000,0.000,33.333,0.000,0.000,1,3,0
FranSisPac,0.000,8.333,8.333,0.000,0.000,0.000,0.000,0.000,16.667,0.000,8.333,1,12,0
AFZAL SAGAR,0.000,0.000,0.000,0.000,0.000,0.000,0.000,0.000,0.000,0.000,0.000,0,2,0
Djf166,31.250,50.000,6.250,0.000,0.000,0.000,6.250,0.000,87.500,0.000,0.000,1,16,0
Jimgerbig,6.212,1.804,19.439,16.232,7.214,30.661,40.481,0.000,27.655,54.309,4.008,0,499,0
Arbazzzz1234,0.000,0.000,0.000,0.000,0.000,0.000,0.000,0.000,0.000,0.000,0.000,1,1,0
Kathykrill1947,0.000,0.000,0.000,50.000,0.000,0.000,0.000,0.000,0.000,50.000,0.000,0,2,0
Memonfaysal,50.000,0.000,0.000,0.000,0.000,25.000,25.000,0.000,50.000,25.000,0.000,0,4,0
ColRad85,0.200,0.000,0.802,18.838,8.818,40.281,29.058,0.000,1.002,68.136,1.002,0,499,0
SoulGlow900,33.333,33.333,33.333,0.000,0.000,0.000,0.000,0.000,100.000,0.000,0.000,1,3,0
Mohammad Neshar Uddin,33.333,0.000,0.000,0.000,0.000,0.000,0.000,0.000,33.333,0.000,0.000,1,6,0
CarnivorousBunny,6.814,3.006,10.621,1.002,0.401,1.804,9.218,0.802,20.441,3.206,1.403,1,499,0
Csherbert,0.000,0.000,0.000,33.333,0.000,0.000,0.000,0.000,0.000,33.333,0.000,1,3,0
Codsall1,0.000,0.000,0.000,0.000,0.000,33.333,16.667,0.000,0.000,33.333,0.000,0,6,0
Prophetakeju,33.333,33.333,33.333,0.000,0.000,0.000,33.333,0.000,100.000,0.000,0.000,1,3,0
Marc.andre.f,0.000,0.000,0.000,0.000,33.333,33.333,0.000,0.000,0.000,66.667,0.000,0,3,0
Japorterhthma,5.556,5.556,61.111,5.556,5.556,0.000,50.000,0.000,72.222,11.111,0.000,1,18,0
Haydnkeung,0.000,100.000,0.000,0.000,0.000,0.000,0.000,0.000,100.000,0.000,0.000,1,1,0
Luky360,14.286,0.000,28.571,0.000,0.000,0.000,28.571,0.000,42.857,0.000,0.000,0,7,0
RETheUgly,6.494,0.000,28.571,0.000,0.000,1.299,24.675,0.000,35.065,1.299,0.000,1,77,0
EBJAHM,100.000,0.000,0.000,0.000,0.000,0.000,0.000,0.000,100.000,0.000,0.000,1,1,0
Brewer Bob,1.124,0.000,0.000,7.865,17.978,4.494,0.000,0.000,1.124,30.337,7.865,0,89,0
Ephraim Chambers,0.000,0.000,0.000,25.000,12.500,25.000,25.000,0.000,0.000,62.500,0.000,0,8,0
Sayed zekria sultani,0.000,60.000,20.000,0.000,0.000,0.000,0.000,0.000,80.000,0.000,0.000,0,5,0
Thirdeyepolls,50.000,50.000,0.000,0.000,0.000,0.000,0.000,0.000,100.000,0.000,0.000,1,2,0
Tutiniwini,10.714,14.286,28.571,0.000,0.000,0.000,7.143,0.000,53.571,0.000,0.000,1,28,0
Tigerkingdom101213,14.286,85.714,0.000,0.000,0.000,0.000,0.000,0.000,100.000,0.000,0.000,1,7,0
Oliviajordan1998,0.000,0.000,66.667,0.000,0.000,0.000,33.333,0.000,66.667,0.000,0.000,0,3,0
Gill Tree,50.000,50.000,0.000,0.000,0.000,0.000,0.000,0.000,100.000,0.000,0.000,1,4,0
Mohammad Amir Malik,23.077,15.385,38.462,0.000,0.000,0.000,38.462,0.000,76.923,0.000,0.000,1,13,0
Goodkittie,0.000,0.000,100.000,0.000,0.000,0.000,50.000,0.000,100.000,0.000,0.000,1,2,0
Essette80,22.222,11.111,66.667,0.000,0.000,0.000,55.556,0.000,100.000,0.000,0.000,1,9,0
Jimptusc,28.571,0.000,57.143,0.000,0.000,0.000,57.143,0.000,85.714,0.000,0.000,1,7,0
Haval Sindy,0.000,66.667,33.333,0.000,0.000,0.000,0.000,0.000,100.000,0.000,0.000,1,3,0
Jns4evaalt,0.000,0.000,0.000,0.000,0.000,0.000,0.000,0.000,0.000,0.000,0.000,1,5,0
Chamod142,0.000,0.000,0.000,0.000,0.000,0.000,0.000,0.000,0.000,0.000,0.000,1,2,0
INetpedia,0.000,0.000,10.714,14.286,0.000,46.429,46.429,3.571,10.714,60.714,0.000,1,28,0
Sajjadsial,0.000,50.000,50.000,0.000,0.000,0.000,0.000,0.000,100.000,0.000,0.000,1,2,0
Ngtechmongolia,0.000,0.000,83.333,0.000,0.000,0.000,66.667,0.000,83.333,0.000,0.000,1,6,0
Wikitruth32,0.000,0.000,0.000,0.000,0.000,25.000,25.000,0.000,0.000,50.000,0.000,1,4,0
AndreSherman,11.765,47.059,41.176,0.000,0.000,0.000,29.412,0.000,100.000,0.000,0.000,1,17,0
Azureind57,33.333,0.000,33.333,0.000,0.000,0.000,0.000,0.000,66.667,0.000,0.000,1,3,0
Joen223,0.000,0.000,0.000,8.696,13.043,34.783,13.043,0.000,0.000,56.522,21.739,0,23,0
Tapman1999,0.000,0.000,0.000,0.000,0.000,20.000,0.000,0.000,0.000,20.000,0.000,0,5,0
Vendorworld,0.000,0.000,100.000,0.000,0.000,0.000,66.667,0.000,100.000,0.000,0.000,1,3,0
Tarlehr,40.000,40.000,20.000,0.000,0.000,0.000,20.000,0.000,100.000,0.000,0.000,1,5,0
Desirockerz,1.064,0.000,28.723,2.128,2.128,14.894,32.979,2.128,29.787,19.149,7.447,0,94,0
Bradworth,3.448,0.000,0.000,3.448,3.448,44.828,31.034,3.448,3.448,51.724,3.448,0,29,0
Bezettingswerken abverlinden,40.000,0.000,20.000,0.000,0.000,0.000,20.000,0.000,60.000,0.000,0.000,1,5,0
MarcusBray,0.000,0.000,50.000,0.000,0.000,0.000,0.000,0.000,50.000,0.000,0.000,0,2,0
MEGHANAJ 95,6.818,0.000,22.727,0.000,0.000,0.000,18.182,0.000,29.545,0.000,0.000,1,44,0
Raja Eshwaran,0.000,0.000,0.000,0.000,0.000,0.000,0.000,0.000,0.000,0.000,0.000,1,2,0
GabePerron,0.000,0.000,0.000,0.000,0.000,0.000,0.000,0.000,0.000,0.000,0.000,0,2,0
Shubhamtewari95,100.000,0.000,0.000,0.000,0.000,0.000,0.000,0.000,100.000,0.000,0.000,1,2,0
Fazalrehman1,0.000,0.000,0.000,0.000,0.000,0.000,0.000,0.000,0.000,0.000,0.000,1,2,0
Rosterz-Ru8,0.000,0.000,0.000,50.000,0.000,0.000,0.000,0.000,0.000,50.000,0.000,1,2,0
VijayGemologister,40.000,20.000,40.000,0.000,0.000,0.000,20.000,0.000,100.000,0.000,0.000,1,5,0
Paul mansell,0.000,0.000,9.091,0.000,9.091,27.273,9.091,0.000,9.091,36.364,0.000,0,11,0
Mustafamisoo,50.000,0.000,50.000,0.000,0.000,0.000,0.000,0.000,100.000,0.000,0.000,1,2,0
JamesJohnoHull,0.000,0.000,0.000,0.000,66.667,0.000,0.000,0.000,0.000,66.667,0.000,1,3,0
Mindless behavior123,0.000,0.000,0.000,0.000,0.000,0.000,0.000,0.000,0.000,0.000,0.000,0,2,0
Hasnainshah72,0.000,0.000,0.000,0.000,0.000,0.000,0.000,0.000,0.000,0.000,0.000,0,3,0
Ananasa Home for Handmade,0.000,33.333,66.667,0.000,0.000,0.000,33.333,0.000,100.000,0.000,0.000,1,3,0
Sandy0284,35.294,35.294,5.882,0.000,0.000,0.000,5.882,0.000,76.471,0.000,0.000,1,17,0
Rahul3691,0.000,100.000,0.000,0.000,0.000,0.000,0.000,0.000,100.000,0.000,0.000,1,1,0
Azulkarnain,0.000,27.273,9.091,0.000,0.000,0.000,0.000,0.000,36.364,0.000,0.000,1,11,0
JulesWinnfield-hu,0.000,6.897,0.000,0.000,10.345,3.448,0.000,0.000,6.897,13.793,13.793,1,29,0
Sohaib11095,20.000,20.000,60.000,0.000,0.000,0.000,40.000,0.000,100.000,0.000,0.000,1,5,0
Joubertb,6.667,13.333,66.667,0.000,0.000,0.000,40.000,0.000,86.667,0.000,0.000,1,15,0
FoxyLynx,0.000,0.000,100.000,0.000,0.000,0.000,66.667,0.000,100.000,0.000,0.000,1,3,0
Abhinav.kakku,0.000,100.000,0.000,0.000,0.000,0.000,0.000,0.000,100.000,0.000,0.000,1,2,0
Mail.prakash.86,0.000,0.000,100.000,0.000,0.000,0.000,50.000,0.000,100.000,0.000,0.000,1,2,0
Cvheasman,18.182,0.000,22.727,0.000,0.000,0.000,31.818,0.000,40.909,0.000,0.000,1,22,0
Cyrillec,0.000,2.326,2.326,16.279,4.651,30.233,27.907,0.000,4.651,51.163,4.651,1,43,0
Valle4782,0.000,0.000,100.000,0.000,0.000,0.000,66.667,0.000,100.000,0.000,0.000,1,3,0
Anmoldixit911,0.000,0.000,100.000,0.000,0.000,0.000,50.000,0.000,100.000,0.000,0.000,1,2,0
S-d-o-1970,11.628,34.884,41.860,0.000,0.000,0.000,23.256,0.000,90.698,0.000,0.000,1,43,0
Quadbook,0.000,0.000,0.000,0.000,0.000,0.000,0.000,0.000,0.000,0.000,0.000,0,1,0
Ukelesack,0.000,0.000,0.000,0.000,0.000,50.000,0.000,0.000,0.000,50.000,0.000,1,2,0
Hari.harish,20.000,80.000,0.000,0.000,0.000,0.000,0.000,0.000,100.000,0.000,0.000,1,5,0
Massyparcer,19.038,7.816,45.291,1.603,0.401,5.411,39.679,0.000,72.545,7.415,1.202,1,499,0
Deborah Jolly,40.000,40.000,20.000,0.000,0.000,0.000,20.000,0.000,100.000,0.000,0.000,1,5,0
Christian Imboden,0.000,0.000,0.000,2.174,10.870,23.913,10.870,0.000,0.000,36.957,2.174,0,46,0
Dominique lea,0.000,9.091,0.000,0.000,0.000,0.000,0.000,0.000,9.091,0.000,9.091,0,11,0
Tanmay123456,0.000,0.000,0.000,0.000,0.000,0.000,0.000,0.000,0.000,0.000,0.000,1,1,0
Igetloads123,0.000,25.000,75.000,0.000,0.000,0.000,50.000,0.000,100.000,0.000,0.000,1,4,0
GianDiaz,33.333,0.000,66.667,0.000,0.000,0.000,66.667,0.000,100.000,0.000,0.000,1,6,0
Alanparr12,0.000,0.000,0.000,0.000,0.000,0.000,0.000,0.000,0.000,0.000,0.000,1,1,0
Saikusuma-nithm,16.667,0.000,55.556,0.000,0.000,5.556,38.889,0.000,72.222,5.556,0.000,1,18,0
Nonne23621,0.000,0.000,0.000,33.333,0.000,33.333,0.000,0.000,0.000,66.667,0.000,1,3,0
Earlyspatz,0.000,0.000,6.250,18.750,12.500,37.500,43.750,0.000,6.250,68.750,6.250,0,16,0
Martin E. Walder,0.000,0.000,0.000,0.000,0.000,0.000,0.000,0.000,0.000,0.000,0.000,0,5,0
Samsamsocool,0.000,0.000,0.000,0.000,0.000,33.333,0.000,0.000,0.000,33.333,0.000,0,3,0
Amarmane1,33.333,0.000,33.333,0.000,0.000,0.000,33.333,0.000,66.667,0.000,0.000,1,3,0
Ravichandra ananthatmakula,50.000,0.000,0.000,0.000,0.000,0.000,0.000,0.000,50.000,0.000,0.000,1,2,0
Amminadav,0.000,0.000,0.000,0.000,0.000,33.333,0.000,0.000,0.000,33.333,0.000,0,3,0
Geordie98787,0.000,0.000,0.000,14.286,0.000,14.286,14.286,0.000,0.000,28.571,0.000,1,7,0
IbinjaminSpirit,0.000,7.143,14.286,7.143,0.000,14.286,21.429,0.000,21.429,21.429,0.000,0,14,0
Jainysamuel,25.000,0.000,25.000,0.000,0.000,0.000,33.333,0.000,50.000,0.000,0.000,1,12,0
DRAME HAROUNA,0.000,33.333,66.667,0.000,0.000,0.000,33.333,0.000,100.000,0.000,0.000,1,3,0
SWARUPiMageLoader,0.000,0.000,0.000,16.667,0.000,16.667,8.333,0.000,0.000,33.333,16.667,1,12,0
Dhansheel kumar,4.110,8.219,39.726,6.849,2.740,27.397,57.534,0.000,52.055,36.986,0.000,1,73,0
Karwandoorandish,0.000,0.000,0.000,0.000,0.000,14.286,0.000,0.000,0.000,14.286,0.000,0,7,0
Chacier,0.000,0.000,0.000,11.111,33.333,0.000,0.000,0.000,0.000,44.444,11.111,1,9,0
DeclanMyatt,0.000,0.000,33.333,0.000,0.000,0.000,0.000,0.000,33.333,0.000,0.000,1,3,0
Nigelrayment,9.091,0.000,36.364,0.000,0.000,27.273,45.455,9.091,45.455,27.273,0.000,0,11,0
RascalDillon,28.571,42.857,28.571,0.000,0.000,0.000,28.571,0.000,100.000,0.000,0.000,1,7,0
Sly2kusa,33.929,26.786,21.429,0.000,0.000,3.571,17.857,0.000,82.143,3.571,0.000,1,56,0
Manoj.net2009,25.000,0.000,75.000,0.000,0.000,0.000,50.000,0.000,100.000,0.000,0.000,1,4,0
Harikrishna-nithm,33.333,33.333,33.333,0.000,0.000,0.000,16.667,0.000,100.000,0.000,0.000,1,6,0
Hotmailcity,33.333,44.444,22.222,0.000,0.000,0.000,11.111,0.000,100.000,0.000,0.000,1,9,0
Numanuma3233,0.000,0.000,0.000,0.000,0.000,0.000,0.000,0.000,0.000,0.000,0.000,1,4,0
Pdeck2013,0.000,0.000,0.000,12.264,18.868,19.811,5.660,0.000,0.000,50.943,21.698,0,106,0
Weldon.J92,7.018,1.754,19.298,1.754,0.000,0.000,21.053,0.000,28.070,1.754,0.000,0,57,0
Benjamin Dean Emmett,38.462,38.462,23.077,0.000,0.000,0.000,15.385,0.000,100.000,0.000,0.000,1,26,0
Jeremyminton,5.263,1.754,7.018,14.035,5.263,7.018,14.035,0.000,14.035,26.316,0.000,1,57,0
A P Dinesh Kumar,16.667,33.333,50.000,0.000,0.000,0.000,33.333,0.000,100.000,0.000,0.000,1,6,0
Baba Kirshna Nand,0.000,0.000,0.000,0.000,0.000,0.000,0.000,0.000,0.000,0.000,0.000,1,3,0
Nomoreads,0.000,0.278,1.111,0.000,0.000,1.944,2.500,0.278,1.389,1.944,0.833,1,360,0
Larrythetomato,0.000,11.111,11.111,0.000,0.000,0.000,0.000,11.111,22.222,0.000,0.000,0,9,0
Jeanette12,0.000,0.000,0.000,0.000,0.000,50.000,0.000,0.000,0.000,50.000,0.000,0,2,0
MarissaLanae,0.000,0.000,0.000,0.000,0.000,0.000,0.000,0.000,0.000,0.000,0.000,0,2,0
Antoniopadillarocks,0.000,4.545,3.030,0.000,19.697,6.061,0.000,0.000,7.576,25.758,16.667,1,66,0
La Ruidosa,0.000,1.205,0.000,28.916,16.867,26.506,16.867,0.000,1.205,72.289,0.000,1,83,0
T.M.M.Ismail,0.000,0.000,0.000,8.333,20.833,20.833,12.500,0.000,0.000,50.000,37.500,0,24,0
Nteli78,0.000,8.000,8.000,28.000,8.000,12.000,12.000,0.000,16.000,48.000,0.000,0,25,0
Leader95,8.000,4.000,20.000,0.000,0.000,0.000,22.000,0.000,32.000,0.000,0.000,1,50,0
Raazsc,0.000,25.000,0.000,0.000,0.000,0.000,0.000,0.000,50.000,0.000,0.000,0,4,0
PRBIRD,0.000,0.000,0.000,0.000,0.000,0.000,0.000,0.000,0.000,0.000,0.000,1,2,0
Chumbert5,2.128,0.000,13.830,7.447,2.128,17.021,24.468,0.000,15.957,26.596,4.255,0,94,0
Aamol B Sonar,0.000,0.000,66.667,0.000,0.000,0.000,33.333,0.000,66.667,0.000,0.000,1,3,0
Johnsmith0342,0.000,0.000,0.000,0.000,0.000,0.000,0.000,0.000,0.000,0.000,0.000,1,2,0
TheBigBrother84,2.632,0.000,5.263,2.632,18.421,0.000,0.000,7.895,7.895,21.053,26.316,1,38,0
LazarVelickovic,0.000,0.000,0.000,0.000,37.500,0.000,0.000,0.000,0.000,37.500,0.000,0,8,0
Test123testp,14.286,0.000,57.143,0.000,0.000,14.286,57.143,0.000,71.429,14.286,0.000,0,7,0
HRH Rakesh Singh,0.000,50.000,0.000,0.000,0.000,0.000,0.000,0.000,50.000,0.000,0.000,1,2,0
Faithedup,6.061,0.000,15.152,6.061,3.030,1.515,18.182,0.000,21.212,10.606,0.000,0,66,0
KyCode,0.000,0.000,25.000,0.000,0.000,0.000,0.000,0.000,25.000,0.000,0.000,1,4,0
DF Jedox AG,0.000,0.000,0.000,26.389,16.667,29.167,18.056,0.000,0.000,73.611,2.778,0,72,0
St170e,0.803,0.000,1.807,3.012,4.418,11.245,8.233,0.402,2.610,18.675,7.430,0,498,0
Gumbelly,0.000,0.000,0.000,0.000,0.000,0.000,0.000,0.000,0.000,0.000,0.000,0,9,0
Falseclaimdelete,0.000,20.000,60.000,0.000,0.000,0.000,20.000,0.000,80.000,0.000,0.000,1,5,0
Karankumarcccc,0.000,50.000,0.000,0.000,0.000,0.000,0.000,0.000,50.000,0.000,0.000,1,2,0
Noenmaprang,50.000,50.000,0.000,0.000,0.000,0.000,0.000,0.000,100.000,0.000,0.000,1,2,0
Jemlzs,5.000,40.000,35.000,0.000,0.000,0.000,35.000,0.000,80.000,0.000,0.000,1,20,0
Duckphucker,0.000,0.000,0.000,0.000,0.000,0.000,0.000,0.000,0.000,0.000,0.000,1,1,0
Satyendra1008,20.000,0.000,0.000,20.000,6.667,6.667,6.667,0.000,20.000,33.333,6.667,1,15,0
Jpschwartz,0.000,0.000,100.000,0.000,0.000,0.000,50.000,0.000,100.000,0.000,0.000,1,2,0
Mukesmalik,25.000,50.000,0.000,0.000,0.000,0.000,0.000,0.000,75.000,0.000,0.000,1,8,0
22merlin,0.000,0.000,0.000,22.388,21.642,15.672,4.478,0.000,0.000,59.701,17.164,0,134,0
JENinATX,3.030,3.030,6.061,12.121,21.212,18.182,12.121,0.000,12.121,51.515,3.030,0,33,0
Maester Aemon,0.000,0.000,0.000,9.231,6.154,1.538,1.538,0.000,0.000,16.923,13.846,0,65,0
Meianerien,0.000,0.000,0.885,23.894,29.204,38.053,24.779,0.000,0.885,91.150,0.000,0,113,0
Alamgirmis,20.000,30.000,50.000,0.000,0.000,0.000,40.000,0.000,100.000,0.000,0.000,1,10,0
SeanTheMastodon,0.000,0.943,12.264,8.491,1.887,41.509,41.509,0.943,13.208,51.887,5.660,0,106,0
Arnab arya,0.000,12.500,25.000,0.000,0.000,25.000,12.500,0.000,37.500,25.000,0.000,0,8,0
Orange roach,33.333,0.000,50.000,0.000,0.000,0.000,33.333,0.000,83.333,0.000,0.000,1,6,0
Kindpotato,11.111,11.111,33.333,0.000,0.000,11.111,33.333,0.000,55.556,11.111,0.000,0,9,0
Wikiwelcomewagon,100.000,0.000,0.000,0.000,0.000,0.000,0.000,0.000,100.000,0.000,0.000,1,2,0
Emmammpayne13,0.000,0.000,100.000,0.000,0.000,0.000,50.000,0.000,100.000,0.000,0.000,1,2,0
PaulGWiki,6.323,5.855,9.368,13.115,21.780,11.710,13.583,0.000,21.546,46.604,0.937,0,427,0
Yasirilyas786,0.000,33.333,33.333,0.000,0.000,0.000,0.000,0.000,66.667,0.000,0.000,0,3,0
Maginvestkapinoy,25.000,50.000,0.000,0.000,0.000,0.000,0.000,0.000,75.000,0.000,0.000,1,4,0
Tarantij,0.000,12.500,12.500,31.250,0.000,6.250,12.500,0.000,25.000,37.500,6.250,1,16,0
Santoshkumarbudakoti,66.667,33.333,0.000,0.000,0.000,0.000,0.000,0.000,100.000,0.000,0.000,1,3,0
MIPRC,28.571,0.000,0.000,0.000,0.000,14.286,0.000,0.000,28.571,14.286,0.000,1,7,0
MarVit3,0.200,0.000,0.200,16.633,18.437,20.842,12.826,0.401,0.401,55.912,6.814,0,499,0
Tommy95530,7.692,0.000,38.462,7.692,0.000,7.692,38.462,0.000,46.154,15.385,0.000,0,13,0
Bixonfire,0.000,0.000,0.000,27.586,6.897,41.379,31.034,0.000,0.000,79.310,0.000,0,29,0
Shoes Bear 43,0.000,0.000,100.000,0.000,0.000,0.000,0.000,0.000,100.000,0.000,0.000,1,1,0
ABCABC123123,0.000,0.000,20.000,0.000,40.000,20.000,0.000,0.000,20.000,60.000,0.000,0,5,0
Sreejithabre,25.000,0.000,50.000,0.000,0.000,0.000,50.000,0.000,75.000,0.000,0.000,1,4,0
B3cms,0.000,14.286,42.857,0.000,0.000,0.000,14.286,0.000,57.143,0.000,0.000,1,7,0
CN3833,7.143,14.286,28.571,0.000,0.000,14.286,21.429,7.143,50.000,14.286,7.143,0,14,0
DIR986,2.174,2.174,26.087,0.000,0.000,0.000,26.087,0.000,30.435,0.000,0.000,0,46,0
Yoav Nachtailer,0.000,10.959,0.000,0.000,4.110,1.370,0.000,1.370,10.959,5.479,13.699,1,73,0
Jamescook.106,0.000,0.000,40.000,0.000,0.000,0.000,20.000,0.000,40.000,0.000,0.000,1,5,0
Capineda,8.333,0.000,8.333,0.000,41.667,8.333,0.000,0.000,16.667,50.000,0.000,1,12,0
Catcotton,0.000,8.333,0.000,16.667,16.667,16.667,8.333,0.000,8.333,50.000,8.333,0,12,0
Uiuaneek,30.769,15.385,30.769,0.000,0.000,0.000,23.077,0.000,76.923,0.000,0.000,1,13,0
Francescmarch,25.000,25.000,0.000,0.000,0.000,0.000,0.000,0.000,50.000,0.000,25.000,1,4,0
Hazelophelia,5.263,15.789,26.316,0.000,5.263,5.263,15.789,0.000,47.368,10.526,0.000,0,19,0
Uki Agustian,0.000,50.000,50.000,0.000,0.000,0.000,0.000,0.000,100.000,0.000,0.000,1,2,0
Shankhagrawal,62.500,12.500,25.000,0.000,0.000,0.000,25.000,0.000,100.000,0.000,0.000,1,8,0
Topu00007,0.000,100.000,0.000,0.000,0.000,0.000,0.000,0.000,100.000,0.000,0.000,1,1,0
Reck-tifier,33.333,0.000,66.667,0.000,0.000,0.000,66.667,0.000,100.000,0.000,0.000,1,3,0
S0mepitching,0.000,0.000,0.000,33.333,0.000,0.000,0.000,0.000,0.000,33.333,0.000,1,3,0
Cathal casey,0.000,50.000,0.000,0.000,0.000,0.000,0.000,0.000,50.000,0.000,0.000,0,2,0
Articmonkeys,0.000,0.433,0.000,2.597,3.030,5.628,3.030,0.000,0.433,11.255,26.840,0,231,0
OderbrechtOriginal,0.000,0.000,0.000,0.000,0.000,60.000,40.000,0.000,0.000,60.000,0.000,1,5,0
Puneeth236,25.000,0.000,50.000,0.000,0.000,0.000,25.000,0.000,75.000,0.000,0.000,1,4,0
Christopher-Jen,0.000,0.000,0.000,14.286,14.286,42.857,42.857,0.000,0.000,71.429,0.000,0,7,0
DOEKNA,0.000,0.000,50.000,0.000,0.000,0.000,0.000,0.000,50.000,0.000,0.000,1,2,0
Julog3337,0.000,0.000,0.000,0.000,0.000,0.000,0.000,0.000,0.000,0.000,0.000,1,2,0
Cosmic Flames,0.000,0.000,50.000,0.000,0.000,0.000,0.000,0.000,50.000,0.000,0.000,1,2,0
Biogeomorph,52.941,0.000,23.529,5.882,0.000,0.000,17.647,0.000,76.471,5.882,0.000,1,17,0
Hamasultan,50.000,0.000,0.000,0.000,0.000,0.000,0.000,0.000,50.000,0.000,0.000,1,2,0
Endermail65,0.000,0.000,0.000,14.286,14.286,0.000,0.000,0.000,0.000,28.571,0.000,1,7,0
Matthew flan 2001,16.667,0.000,33.333,0.000,0.000,16.667,16.667,0.000,50.000,16.667,0.000,0,6,0
Starlightweighing,0.000,0.000,0.000,16.129,12.903,41.935,29.032,0.000,0.000,70.968,9.677,0,31,0
Melviapereira,7.407,3.704,25.926,0.000,0.000,0.000,18.519,0.000,37.037,0.000,0.000,1,27,0
Belchambos,0.000,0.000,0.000,0.000,0.000,0.000,0.000,0.000,0.000,0.000,0.000,0,2,0
Leelabeth,0.000,0.000,0.000,0.000,0.000,0.000,0.000,0.000,0.000,0.000,0.000,0,3,0
CLA336,0.000,0.000,0.000,0.000,0.000,33.333,0.000,0.000,0.000,33.333,0.000,0,3,0
Ksnshravan,0.000,0.000,0.000,0.000,0.000,0.000,0.000,0.000,0.000,0.000,0.000,0,2,0
Maz Weber-Caspers,2.857,0.000,0.000,28.571,25.714,25.714,20.000,2.857,2.857,80.000,0.000,1,35,0
Vans and bandz,50.000,0.000,0.000,0.000,0.000,0.000,0.000,0.000,50.000,0.000,0.000,1,2,0
Hamza Danish,25.000,0.000,50.000,0.000,0.000,0.000,25.000,0.000,75.000,0.000,0.000,1,4,0
StaccaP,20.000,20.000,10.000,20.000,0.000,0.000,10.000,0.000,50.000,20.000,0.000,1,10,0
Javasimulation,35.000,40.000,5.000,0.000,5.000,0.000,5.000,0.000,80.000,5.000,0.000,1,20,0
Martin485485,0.000,0.000,0.000,0.000,20.000,0.000,0.000,0.000,0.000,20.000,0.000,1,5,0
Susan Agnostic,0.000,0.000,0.000,50.000,0.000,0.000,25.000,0.000,0.000,50.000,0.000,0,4,0
SERGEY BESSLAVIN,25.000,50.000,25.000,0.000,0.000,0.000,0.000,0.000,100.000,0.000,0.000,1,4,0
Basketballsam,0.000,0.000,0.000,0.000,0.000,0.000,0.000,0.000,0.000,0.000,0.000,0,2,0
Spegmintu,0.000,0.000,0.000,7.407,0.000,25.926,11.111,0.000,0.000,33.333,29.630,0,27,0
Kaylabk,0.000,0.000,0.000,37.500,37.500,0.000,0.000,0.000,0.000,75.000,0.000,1,8,0
Pam Rana,0.000,0.000,0.000,0.000,0.000,0.000,0.000,0.000,0.000,0.000,0.000,1,1,0
Vinayacd1,3.226,6.452,6.452,9.677,9.677,45.161,38.710,0.000,16.129,64.516,3.226,0,31,0
LoungeFlyRockstar,0.000,0.000,25.000,0.000,0.000,0.000,0.000,0.000,25.000,0.000,0.000,1,12,0
Nin1956,33.333,33.333,0.000,0.000,0.000,0.000,0.000,0.000,66.667,0.000,0.000,1,3,0
DharmaMechanic,33.333,33.333,33.333,0.000,0.000,0.000,0.000,0.000,100.000,0.000,0.000,1,3,0
Wandrative,50.000,0.000,50.000,0.000,0.000,0.000,50.000,0.000,100.000,0.000,0.000,1,2,0
Scaldwell17,0.000,0.847,12.712,13.559,5.085,11.017,19.492,0.000,13.559,29.661,1.695,1,118,0
Robert S Womack,50.000,50.000,0.000,0.000,0.000,0.000,0.000,0.000,100.000,0.000,0.000,1,2,0
Robert McFadden,0.000,0.000,0.000,20.000,40.000,20.000,20.000,0.000,0.000,80.000,0.000,0,5,0
XBytez,12.500,0.000,18.750,0.000,0.000,6.250,12.500,0.000,31.250,6.250,0.000,1,16,0
DrWoozy,3.089,1.931,5.405,18.919,2.317,52.896,53.668,0.386,10.425,74.131,1.158,0,259,0
Eugen threee,36.111,5.556,30.556,0.000,5.556,5.556,33.333,0.000,72.222,11.111,0.000,1,36,0
Horamantarh,7.500,6.250,57.500,0.000,1.250,0.000,50.000,0.000,71.250,1.250,1.250,0,80,0
KamusKesukaanku,0.000,0.000,20.000,0.000,0.000,0.000,0.000,0.000,20.000,0.000,0.000,1,5,0
Semihatakan,0.000,0.000,11.111,0.000,0.000,11.111,0.000,0.000,11.111,11.111,0.000,0,9,0
Ronwnielsen,0.000,0.000,18.750,12.500,6.250,12.500,25.000,0.000,18.750,31.250,0.000,0,16,0
SuccinctCommunicator,0.000,0.000,0.000,0.000,11.111,11.111,0.000,0.000,0.000,22.222,44.444,0,9,0
Llewohsemaj,0.000,0.000,0.000,0.000,0.000,14.286,0.000,0.000,0.000,14.286,0.000,0,7,0
Taylacayden,0.000,0.000,100.000,0.000,0.000,0.000,50.000,0.000,100.000,0.000,0.000,1,2,0
ESportsCOD,0.000,0.000,100.000,0.000,0.000,0.000,75.000,0.000,100.000,0.000,0.000,1,4,0
LisEditor,0.000,0.000,0.000,0.000,0.000,57.143,28.571,0.000,0.000,57.143,0.000,0,7,0
CTDJL,0.000,0.000,6.329,20.253,20.253,43.038,40.506,0.000,6.329,83.544,1.266,1,79,0
Prime7919,0.000,0.000,13.333,0.000,6.667,6.667,13.333,0.000,13.333,13.333,6.667,0,15,0
Ninjaacademy4,0.000,0.000,0.000,0.000,0.000,0.000,0.000,0.000,0.000,0.000,0.000,0,4,0
JinKai97,0.000,0.000,0.000,25.862,14.828,56.897,48.966,0.000,0.000,97.931,0.000,0,290,0
Cherbear01,0.000,0.000,66.667,0.000,0.000,0.000,33.333,0.000,66.667,0.000,0.000,0,3,0
Sreerupa Mitra Chaudhury,28.571,50.000,21.429,0.000,0.000,0.000,7.143,0.000,100.000,0.000,0.000,1,14,0
Captain Schmetterling,8.333,0.000,16.667,12.500,0.000,4.167,16.667,0.000,25.000,16.667,8.333,1,48,0
JAIBHIM5,0.498,7.463,4.478,0.498,0.000,0.498,1.990,0.000,12.438,0.995,4.478,0,201,0
Ironmanprof,0.000,0.000,0.000,13.043,4.348,26.087,8.696,0.000,0.000,43.478,0.000,1,23,0
Changotra,0.000,0.000,2.128,25.532,31.915,14.894,6.383,0.000,2.128,72.340,17.021,0,47,0
Neptunia,5.645,11.290,22.581,0.000,1.613,0.806,20.968,0.000,39.516,2.419,0.000,1,124,0
Anglocatholichinge,1.042,2.083,5.208,25.000,4.167,31.250,23.958,0.000,8.333,60.417,0.000,0,96,0
JamieA350,20.000,0.000,40.000,0.000,0.000,0.000,40.000,0.000,60.000,0.000,0.000,0,5,0
Songsign,8.000,0.000,0.000,4.000,12.000,28.000,20.000,0.000,8.000,44.000,0.000,0,25,0
Soumava2009,16.667,0.000,16.667,16.667,16.667,0.000,16.667,0.000,33.333,33.333,0.000,0,6,0
Anton.aldemir,2.685,0.671,1.342,2.013,3.356,3.356,1.342,2.685,4.698,8.725,30.872,0,149,0
Joe daigle,7.143,0.000,42.857,0.000,0.000,0.000,50.000,0.000,50.000,0.000,0.000,1,14,0
SKRIMBL3,0.000,0.000,0.000,0.000,25.000,50.000,25.000,0.000,0.000,75.000,0.000,0,4,0
Vicknesh Saravanan Kannan,60.000,20.000,20.000,0.000,0.000,0.000,20.000,0.000,100.000,0.000,0.000,1,5,0
Cwilki02,20.000,0.000,20.000,20.000,0.000,0.000,20.000,0.000,40.000,20.000,0.000,1,5,0
Aaniya B,6.250,2.083,14.583,6.250,0.000,20.833,18.750,0.000,22.917,27.083,8.333,1,48,0
CaleighW,0.000,0.000,4.167,33.333,8.333,45.833,41.667,0.000,4.167,87.500,0.000,0,24,0
EmptyField,0.000,0.000,0.000,0.000,0.000,0.000,0.000,0.000,0.000,0.000,0.000,0,2,0
Marilyn Jeffery,0.000,0.000,0.000,11.111,11.111,22.222,11.111,0.000,0.000,44.444,0.000,1,9,0
Dragonbike4,0.000,0.000,0.000,0.000,0.000,0.000,0.000,0.000,0.000,0.000,0.000,0,2,0
Sapper-fi,0.000,0.000,0.000,0.000,11.111,11.111,11.111,0.000,0.000,22.222,22.222,0,9,0
Hewa.kurdistani,0.000,25.000,75.000,0.000,0.000,0.000,25.000,0.000,100.000,0.000,0.000,1,4,0
Harrypotter401500,0.000,100.000,0.000,0.000,0.000,0.000,0.000,0.000,100.000,0.000,0.000,1,7,0
Akshaygodke,11.111,22.222,0.000,11.111,0.000,11.111,0.000,0.000,33.333,22.222,0.000,1,9,0
Polishico,0.000,0.000,0.000,0.000,0.000,0.000,0.000,0.000,0.000,0.000,0.000,0,3,0
Sporsho hasan,0.000,0.000,0.000,0.000,0.000,0.000,0.000,0.000,0.000,0.000,0.000,0,2,0
Swagamaholic,0.000,0.000,0.000,8.219,6.849,6.849,0.000,0.000,0.000,21.918,26.027,1,73,0
TheDragonFire,0.000,0.000,4.878,3.659,0.000,7.317,1.220,0.000,4.878,10.976,2.439,1,82,0
Kailasnath24,0.000,0.000,25.000,0.000,0.000,0.000,0.000,0.000,25.000,0.000,0.000,1,4,0
Pennsif,27.273,0.000,68.182,0.000,0.000,0.000,68.182,0.000,95.455,0.000,0.000,1,22,0
Colonycat,2.381,4.762,14.286,0.000,2.381,7.143,9.524,0.000,21.429,9.524,0.000,1,42,0
Hellotherefriend18,0.000,0.000,0.000,0.000,0.000,0.000,0.000,0.000,0.000,0.000,0.000,1,1,0
Umich hudsonmh,4.706,1.765,8.824,16.471,10.588,11.176,18.235,0.000,15.294,38.235,0.000,0,170,0
Reggaenakalbo,32.432,8.108,56.757,0.000,0.000,0.000,48.649,0.000,97.297,0.000,0.000,1,37,0
Eldecopankajbajaj,12.500,41.667,45.833,0.000,0.000,0.000,37.500,0.000,100.000,0.000,0.000,1,24,0
Ftrhi,0.000,20.000,10.000,10.000,0.000,10.000,10.000,0.000,30.000,20.000,0.000,1,10,0
Wingelmayer,0.000,0.000,0.000,0.000,0.000,0.000,0.000,0.000,0.000,0.000,0.000,1,1,0
JacobRodrigues,11.111,0.000,0.000,0.000,0.000,5.556,5.556,0.000,11.111,5.556,0.000,1,18,0
4gottenhistory,11.765,0.000,47.059,0.000,0.000,0.000,35.294,0.000,58.824,0.000,0.000,1,17,0
Supersapience,0.000,0.000,33.333,0.000,0.000,0.000,0.000,0.000,33.333,0.000,0.000,0,3,0
Nycger,25.000,0.000,0.000,0.000,0.000,0.000,0.000,0.000,25.000,0.000,0.000,0,4,0
Aagbhu,0.000,100.000,0.000,0.000,0.000,0.000,0.000,0.000,100.000,0.000,0.000,1,1,0
PrimalBlueWolf,10.667,10.667,10.667,4.000,4.000,5.333,4.000,0.000,32.000,13.333,4.000,1,75,0
Prikunj Sharma,1.242,2.484,11.180,15.528,4.969,52.174,51.553,0.621,14.907,72.671,1.242,1,161,0
JoelleZkl,0.000,0.000,11.111,0.000,11.111,0.000,0.000,0.000,11.111,11.111,22.222,1,9,0
Gatesagar,0.000,0.000,0.000,0.000,0.000,0.000,0.000,0.000,0.000,0.000,0.000,1,1,0
DJ CreactionS,16.667,83.333,0.000,0.000,0.000,0.000,0.000,0.000,100.000,0.000,0.000,1,6,0
Srinivas Kotnala,0.000,100.000,0.000,0.000,0.000,0.000,0.000,0.000,100.000,0.000,0.000,1,2,0
Musiconefor1,0.000,0.000,83.333,0.000,0.000,0.000,50.000,0.000,83.333,0.000,0.000,1,6,0
Sanjay01894,33.333,5.556,55.556,0.000,0.000,0.000,38.889,0.000,94.444,0.000,0.000,1,18,0
Eachen4896,3.297,0.000,12.088,5.495,2.198,23.077,28.571,0.000,15.385,30.769,0.000,0,91,0
Larry hales,0.000,37.500,37.500,0.000,0.000,0.000,25.000,0.000,75.000,0.000,0.000,1,8,0
Bold Edits,5.797,0.000,13.043,7.246,2.899,4.348,18.841,0.000,18.841,14.493,2.899,0,69,0
Krausema sou,0.000,3.846,0.000,15.385,23.077,19.231,11.538,0.000,3.846,57.692,0.000,1,26,0
M322115,3.448,6.897,0.000,3.448,34.483,17.241,10.345,0.000,10.345,55.172,0.000,0,29,0
Rturkel1,16.667,0.000,0.000,0.000,16.667,16.667,0.000,0.000,16.667,33.333,0.000,0,6,0
Ivan2448,0.000,33.333,33.333,0.000,0.000,0.000,0.000,0.000,66.667,0.000,0.000,1,3,0
Karn1v3rus,0.000,100.000,0.000,0.000,0.000,0.000,0.000,0.000,100.000,0.000,0.000,1,2,0
Misternobody47,0.000,0.000,45.455,0.000,0.000,0.000,36.364,0.000,45.455,0.000,0.000,1,11,0
Mdougherty93,50.000,8.333,41.667,0.000,0.000,0.000,41.667,0.000,100.000,0.000,0.000,1,12,0
Java6980,0.000,0.000,0.000,0.000,0.000,66.667,33.333,0.000,0.000,66.667,0.000,1,3,0
Braves1500,0.000,0.000,0.000,0.000,0.000,50.000,0.000,0.000,0.000,50.000,0.000,0,2,0
Titilolo3,0.000,0.000,0.000,0.000,25.000,0.000,0.000,0.000,0.000,25.000,0.000,0,4,0
Sabrina.lovely,16.667,41.667,33.333,0.000,0.000,0.000,25.000,0.000,91.667,0.000,0.000,0,12,0
Thecarribbeankid,0.000,0.000,0.000,0.000,0.000,0.000,0.000,0.000,0.000,0.000,0.000,1,3,0
Webadditive,0.000,0.000,6.667,6.667,13.333,0.000,0.000,0.000,6.667,20.000,0.000,1,15,0
Jmanguy01,0.000,27.273,18.182,0.000,0.000,0.000,9.091,0.000,45.455,0.000,0.000,0,11,0
Canadianfamikey,9.524,0.000,4.762,14.286,19.048,19.048,9.524,0.000,14.286,52.381,0.000,0,21,0
PPanayotova,20.000,20.000,50.000,0.000,0.000,0.000,40.000,0.000,90.000,0.000,0.000,1,10,0
Arshin Carnifex,0.000,0.000,0.000,0.000,0.000,33.333,0.000,0.000,0.000,33.333,0.000,1,3,0
Amir salahi,25.000,50.000,25.000,0.000,0.000,0.000,0.000,0.000,100.000,0.000,0.000,1,4,0
Atchu Artist,30.000,50.000,20.000,0.000,0.000,0.000,0.000,0.000,100.000,0.000,0.000,1,10,0
ACPawsey,0.000,0.000,20.000,0.000,10.000,10.000,10.000,0.000,20.000,20.000,10.000,1,10,0
Whoismichaelzee,0.000,28.571,57.143,0.000,0.000,0.000,28.571,0.000,85.714,0.000,0.000,1,7,0
Sean C. Murphy,5.714,8.571,11.429,2.857,8.571,20.000,11.429,0.000,25.714,31.429,0.000,0,35,0
Sue and Steve,0.885,0.885,8.850,1.770,0.000,45.133,45.133,0.000,10.619,46.903,5.310,1,113,0
Rajeshvayala-NITHM,42.857,14.286,14.286,0.000,0.000,0.000,14.286,0.000,71.429,0.000,0.000,1,7,0
Avieshek,1.685,2.809,4.494,16.854,9.551,17.416,10.112,0.000,8.989,44.382,3.933,0,178,0
Kroyle,0.000,33.333,66.667,0.000,0.000,0.000,33.333,0.000,100.000,0.000,0.000,1,3,0
AlbertBikaj,1.202,1.603,3.006,11.022,7.615,11.623,7.816,0.200,5.812,30.261,7.415,0,499,0
Brendan4444,6.780,2.542,33.051,1.695,0.847,5.085,33.051,0.847,42.373,7.627,0.000,0,118,0
Keith Heggaton,0.000,0.000,0.000,22.222,5.556,50.000,33.333,0.000,0.000,77.778,0.000,0,18,0
KomodoDragon3000,2.062,5.155,19.588,10.309,1.031,8.247,24.742,1.031,26.804,19.588,1.031,1,97,0
Seemandhra,0.000,0.000,16.667,0.000,0.000,33.333,33.333,0.000,16.667,33.333,0.000,1,6,0
Siankevans,3.846,9.615,42.308,3.846,0.000,5.769,28.846,0.000,55.769,9.615,0.000,1,52,0
Nordanrog,0.000,0.000,0.000,0.000,0.000,0.000,0.000,0.000,0.000,0.000,0.000,0,2,0
Razorback13,0.000,0.000,0.000,0.000,0.000,0.000,0.000,0.000,0.000,0.000,0.000,1,7,0
MichelleS1987,0.000,0.000,0.000,0.000,0.000,25.000,0.000,0.000,0.000,25.000,25.000,1,4,0
Lumapics,0.000,0.000,0.000,16.667,8.333,58.333,50.000,0.000,0.000,83.333,0.000,0,12,0
Deniselove318,14.286,14.286,71.429,0.000,0.000,0.000,71.429,0.000,100.000,0.000,0.000,1,7,0
AreJayTre,0.000,0.000,14.286,0.000,28.571,0.000,0.000,0.000,14.286,28.571,0.000,0,7,0
MrAdaptive343,4.289,3.837,7.449,2.709,1.806,6.321,6.772,0.226,15.576,10.835,10.609,1,443,0
Suryaperumal,10.000,6.000,30.000,6.000,4.000,10.000,26.000,0.000,46.000,20.000,0.000,0,50,0
Aksarkumar,20.000,20.000,60.000,0.000,0.000,0.000,40.000,0.000,100.000,0.000,0.000,1,5,0
Croufa,0.000,0.000,0.000,12.500,9.375,31.250,21.875,0.000,0.000,53.125,9.375,0,32,0
Jon-Russell Warren,10.526,23.684,52.632,0.000,0.000,0.000,34.211,0.000,86.842,0.000,0.000,1,38,0
Danil Wong,0.000,0.000,0.000,2.083,8.333,18.750,6.250,0.000,0.000,29.167,27.083,0,48,0
Sarabearawiki,0.000,0.000,25.000,0.000,0.000,12.500,18.750,0.000,25.000,12.500,0.000,0,16,0
Shihan Kai 7,50.000,16.667,33.333,0.000,0.000,0.000,16.667,0.000,100.000,0.000,0.000,1,6,0
CiaraPadayachee,41.667,25.000,25.000,0.000,0.000,0.000,16.667,0.000,91.667,0.000,0.000,0,12,0
Artmedia Group,9.091,9.091,0.000,0.000,0.000,0.000,9.091,0.000,18.182,0.000,0.000,1,11,0
Jeryckk jj,0.000,50.000,50.000,0.000,0.000,0.000,0.000,0.000,100.000,0.000,0.000,1,2,0
OldOwl1872,0.000,0.000,0.000,29.860,4.609,51.904,47.896,0.000,0.000,86.373,0.000,0,499,0
Rashmi Ravikumar,0.000,0.000,50.000,0.000,0.000,16.667,33.333,0.000,50.000,16.667,0.000,1,6,0
Theroux721,1.471,0.000,10.294,1.471,0.000,0.000,5.882,0.000,11.765,1.471,16.176,1,68,0
Feinstein constituent,6.250,6.250,68.750,0.000,0.000,6.250,68.750,0.000,81.250,6.250,0.000,1,16,0
Wormwoodrules,0.000,0.000,0.000,12.500,37.500,25.000,12.500,0.000,0.000,75.000,0.000,0,8,0
Rickwatson1951,0.000,0.000,0.000,0.000,0.000,50.000,0.000,0.000,0.000,50.000,0.000,0,2,0
Qmrk,7.895,0.000,10.526,0.000,0.000,15.789,11.842,1.316,18.421,15.789,10.526,1,76,0
Niyoginayeebramhana,0.000,0.000,0.000,0.000,0.000,0.000,0.000,50.000,0.000,0.000,0.000,0,2,0
Deepak Sabuji,50.000,0.000,50.000,0.000,0.000,0.000,50.000,0.000,100.000,0.000,0.000,1,2,0
Mst0ned,16.667,50.000,0.000,0.000,0.000,0.000,0.000,0.000,66.667,0.000,0.000,1,6,0
Hamsadhwani,10.000,60.000,10.000,0.000,0.000,0.000,0.000,0.000,80.000,0.000,0.000,1,10,0
ItalicizedComma,0.000,0.000,0.000,11.765,5.882,5.882,0.000,0.000,0.000,23.529,23.529,1,17,0
OrnisEng,0.000,0.000,0.000,0.000,0.000,0.000,0.000,0.000,0.000,0.000,0.000,1,2,0
Keerthan M P,0.000,50.000,0.000,0.000,0.000,0.000,0.000,0.000,50.000,0.000,0.000,1,2,0
Ironhead3000,15.294,3.529,23.529,0.000,0.000,0.000,25.882,0.000,43.529,0.000,0.000,0,85,0
WikiNouveau,14.286,0.000,9.524,23.810,19.048,9.524,14.286,0.000,23.810,52.381,0.000,1,21,0
Aaghay1,15.385,7.692,23.077,7.692,7.692,0.000,7.692,0.000,46.154,15.385,0.000,1,13,0
Jbjaybee,0.000,0.000,0.000,0.000,0.000,0.000,0.000,0.000,0.000,0.000,0.000,1,1,0
Njwright95,0.000,0.000,40.000,0.000,0.000,20.000,40.000,0.000,40.000,20.000,0.000,1,5,0
Corielatimer,0.000,0.000,0.000,0.000,0.000,0.000,0.000,0.000,0.000,0.000,0.000,1,1,0
Chantellecooke,0.000,0.000,10.000,30.000,10.000,40.000,30.000,0.000,10.000,80.000,0.000,1,10,0
Timmothyjunior,0.000,0.000,0.000,33.333,11.111,0.000,0.000,0.000,0.000,44.444,0.000,0,9,0
Crazyrakebpuz,0.000,0.000,0.000,0.000,0.000,50.000,50.000,0.000,0.000,50.000,0.000,0,2,0
William Malkisua Jeremia Bakara,50.000,0.000,50.000,0.000,0.000,0.000,0.000,0.000,100.000,0.000,0.000,1,2,0
E03267,0.000,33.333,33.333,0.000,0.000,0.000,0.000,0.000,66.667,0.000,0.000,1,3,0
NotAPianoKey,0.000,0.000,0.000,0.000,0.000,50.000,0.000,0.000,0.000,50.000,0.000,0,2,0
Suvra.b.deep,0.000,0.000,44.444,0.000,0.000,11.111,44.444,0.000,44.444,11.111,0.000,0,9,0
Madhukar.mk,3.704,5.556,27.778,0.000,0.000,0.000,29.630,0.000,37.037,0.000,0.000,1,54,0
Tcheadshot007,25.000,0.000,25.000,0.000,0.000,12.500,25.000,0.000,50.000,12.500,0.000,0,8,0
Uvejss,25.000,33.333,25.000,0.000,0.000,0.000,25.000,0.000,83.333,0.000,0.000,1,12,0
Sathishsrd,50.000,0.000,0.000,0.000,0.000,0.000,0.000,0.000,50.000,0.000,0.000,1,2,0
The Trevster,0.000,0.000,33.333,0.000,0.000,0.000,33.333,0.000,33.333,0.000,0.000,0,3,0
Humanitarianfutures,0.000,0.000,0.000,0.000,0.000,85.714,71.429,0.000,0.000,85.714,0.000,1,7,0
Bollyfyed,20.000,0.000,0.000,20.000,0.000,0.000,0.000,0.000,20.000,20.000,0.000,0,5,0
Cmiggs457,0.000,25.000,0.000,0.000,0.000,0.000,0.000,0.000,25.000,0.000,0.000,1,4,0
TheWord2K14,23.140,62.810,14.050,0.000,0.000,0.000,5.785,0.000,100.000,0.000,0.000,1,121,0
KashmiriHistory,0.000,50.000,0.000,0.000,0.000,0.000,0.000,0.000,50.000,0.000,0.000,1,2,0
Gadaly,0.000,0.000,75.000,0.000,0.000,0.000,50.000,0.000,75.000,0.000,0.000,0,4,0
Sameeraijaz,66.667,0.000,0.000,0.000,0.000,0.000,0.000,0.000,66.667,0.000,0.000,1,3,0
Namornk,0.000,0.000,8.333,0.000,16.667,8.333,0.000,0.000,8.333,25.000,8.333,0,12,0
Nrbdefeo,0.000,0.000,0.000,0.000,41.667,8.333,0.000,0.000,0.000,50.000,0.000,0,12,0
CoolCDST,5.926,0.000,18.519,14.074,3.704,11.852,22.963,0.741,24.444,29.630,3.704,0,135,0
ALFAMAX1,0.000,0.000,0.000,30.542,34.483,21.675,12.808,0.000,0.000,86.700,0.985,0,203,0
Purgnostic,0.000,0.000,0.000,4.000,6.000,14.000,8.000,0.000,0.000,24.000,38.000,1,50,0
HAsrYu zAck,25.000,0.000,75.000,0.000,0.000,0.000,50.000,0.000,100.000,0.000,0.000,1,4,0
Akjenks,0.000,0.000,0.000,0.000,0.000,0.000,0.000,0.000,0.000,0.000,0.000,0,2,0
Yosia Adyasta,0.000,0.000,100.000,0.000,0.000,0.000,83.333,0.000,100.000,0.000,0.000,1,6,0
NobleOxford,0.000,0.000,0.000,26.829,51.220,14.634,2.439,0.000,0.000,95.122,0.000,0,41,0
Yolanda English,37.500,50.000,12.500,0.000,0.000,0.000,12.500,0.000,100.000,0.000,0.000,1,8,0
TMsns,54.545,36.364,9.091,0.000,0.000,0.000,0.000,0.000,100.000,0.000,0.000,1,11,0
WikiGeek35,0.000,0.000,0.000,50.000,0.000,0.000,0.000,0.000,0.000,50.000,0.000,0,2,0
MizSica,0.000,66.667,33.333,0.000,0.000,0.000,0.000,0.000,100.000,0.000,0.000,1,3,0
Pharaoh Phowler,20.000,10.000,70.000,0.000,0.000,0.000,70.000,0.000,100.000,0.000,0.000,1,10,0
Vasi76,12.500,12.500,0.000,12.500,25.000,0.000,0.000,0.000,25.000,37.500,0.000,1,8,0
Myentity,33.333,0.000,66.667,0.000,0.000,0.000,33.333,0.000,100.000,0.000,0.000,1,3,0
Vinit vats,0.000,0.000,0.000,0.000,0.000,0.000,0.000,0.000,0.000,0.000,0.000,1,3,0
Willetts5,0.000,0.000,0.000,25.000,25.000,0.000,0.000,0.000,0.000,50.000,0.000,0,4,0
Claude didry,50.000,0.000,50.000,0.000,0.000,0.000,50.000,0.000,100.000,0.000,0.000,1,2,0
HOA Monitor,4.854,6.796,10.680,1.942,0.971,3.883,6.796,0.000,22.330,6.796,1.942,0,103,0
SubversiveReader,0.000,2.703,0.000,5.405,2.703,2.703,2.703,0.000,2.703,10.811,2.703,0,37,0
Armeniantotalitarian,0.000,0.000,0.000,0.000,0.000,0.000,0.000,0.000,0.000,0.000,0.000,0,4,0
Matty Oye,30.769,38.462,30.769,0.000,0.000,0.000,23.077,0.000,100.000,0.000,0.000,1,13,0
Writers Bond,0.601,0.601,1.804,9.218,1.603,23.046,18.036,0.000,3.006,33.868,3.407,0,499,0
Krutik.mazire,0.000,33.333,0.000,0.000,0.000,0.000,0.000,0.000,33.333,0.000,0.000,0,3,0
Binu jayakrishnan,8.861,5.063,1.266,22.785,18.987,17.722,12.658,0.000,15.190,59.494,2.532,1,79,0
Leightonsnowdon,0.000,0.000,0.000,0.000,0.000,0.000,0.000,0.000,0.000,0.000,0.000,1,3,0
Tartanos1,11.111,11.111,51.852,7.407,0.000,14.815,59.259,0.000,74.074,22.222,0.000,1,27,0
TimelyToga,0.000,0.000,0.000,0.000,0.000,0.000,0.000,0.000,0.000,0.000,0.000,1,2,0
Swethashenoy007,0.000,0.000,36.364,0.000,0.000,0.000,36.364,0.000,36.364,0.000,0.000,1,22,0
Fearless5forever6,8.000,4.000,4.000,6.000,2.000,14.000,4.000,0.000,16.000,22.000,16.000,0,50,0
Amenychtas,0.000,0.000,0.000,26.923,3.846,21.154,13.462,0.000,0.000,51.923,21.154,0,52,0
Goldenb*llock,33.333,33.333,0.000,0.000,0.000,0.000,0.000,0.000,66.667,0.000,0.000,0,3,0
Voiceofelektra,0.000,0.000,0.000,0.000,33.333,0.000,0.000,0.000,0.000,33.333,0.000,1,3,0
Garth Carlos Fellers,0.962,0.481,3.365,13.462,4.808,34.615,24.038,0.000,4.808,52.885,8.173,0,208,0
Lollolol383,0.000,0.000,0.000,0.000,0.000,25.000,25.000,0.000,0.000,25.000,0.000,0,4,0
Orrogers,4.348,4.348,4.348,30.435,39.130,4.348,0.000,0.000,13.043,73.913,0.000,1,23,0
Sweetgail,0.000,0.000,50.000,0.000,0.000,0.000,50.000,0.000,50.000,0.000,0.000,1,4,0
JenniferPelaez,0.000,0.000,0.000,18.182,27.273,18.182,9.091,0.000,0.000,63.636,0.000,0,11,0
Thisismyboomstick26,16.667,0.000,25.000,0.000,0.000,8.333,25.000,0.000,41.667,8.333,0.000,0,12,0
Theonlyleopard,0.000,0.000,0.000,6.667,6.667,40.000,33.333,0.000,0.000,53.333,0.000,1,15,0
ChiTown28,0.000,0.000,0.000,11.765,76.471,0.000,0.000,0.000,0.000,88.235,0.000,0,17,0
Emlass,7.143,1.786,17.857,0.000,1.786,0.000,16.071,0.000,26.786,1.786,0.000,0,56,0
HollywoodWikii,0.000,0.000,0.000,30.000,40.000,0.000,0.000,0.000,0.000,70.000,0.000,1,10,0
Guntherschubert,100.000,0.000,0.000,0.000,0.000,0.000,0.000,0.000,100.000,0.000,0.000,1,2,0
Kegdoyle,0.000,50.000,25.000,0.000,0.000,0.000,0.000,0.000,75.000,0.000,0.000,1,4,0
John Swajan,6.250,6.250,6.250,12.500,6.250,18.750,6.250,6.250,18.750,37.500,0.000,1,16,0
MaBAC2013ProjectgroupLaGondola,50.000,0.000,50.000,0.000,0.000,0.000,50.000,0.000,100.000,0.000,0.000,1,2,0
MrPlanes,0.000,0.000,0.000,12.500,12.500,25.000,0.000,0.000,0.000,50.000,0.000,1,8,0
Onelegvlogs,30.000,50.000,20.000,0.000,0.000,0.000,20.000,0.000,100.000,0.000,0.000,1,10,0
Ika-netcomet,18.182,0.000,18.182,9.091,0.000,0.000,9.091,0.000,36.364,9.091,0.000,0,11,0
Edonfetiu,30.588,9.412,51.765,1.176,0.000,2.353,49.412,0.000,91.765,3.529,0.000,1,85,0
Kristynbothwell,0.000,3.704,7.407,11.111,3.704,14.815,11.111,0.000,11.111,29.630,14.815,0,27,0
Jasenjo,0.000,0.000,100.000,0.000,0.000,0.000,80.000,0.000,100.000,0.000,0.000,1,5,0
Profkls,15.116,0.000,37.209,0.000,0.000,0.000,32.558,0.000,52.326,0.000,0.000,1,86,0
Roy1012,0.000,0.000,0.000,0.000,0.000,50.000,25.000,0.000,0.000,50.000,0.000,1,4,0
23coolio,5.357,1.786,16.071,7.143,0.000,1.786,16.071,0.000,23.214,8.929,0.000,0,56,0
Ewaczyz,22.917,6.250,58.333,2.083,0.000,4.167,58.333,0.000,89.583,6.250,0.000,1,48,0
Baconfiesta,0.000,0.000,0.000,0.000,0.000,0.000,0.000,0.000,0.000,0.000,0.000,1,10,0
Wolf Hoog,0.000,0.000,0.000,0.000,36.364,0.000,0.000,0.000,0.000,36.364,0.000,1,11,0
Hafizur4u,0.000,0.000,0.000,6.667,13.333,40.000,26.667,0.000,0.000,60.000,13.333,0,15,0
Kadelman,1.136,2.273,22.727,2.273,3.409,3.409,15.909,0.000,26.136,9.091,1.136,0,88,0
Ichiryuu,0.000,0.000,0.000,0.000,0.000,0.000,0.000,0.000,0.000,0.000,0.000,1,2,0
Haven ripia,0.000,0.000,0.000,0.000,0.000,10.000,10.000,0.000,0.000,10.000,0.000,0,10,0
15RKang,0.000,0.000,0.000,0.000,33.333,0.000,0.000,0.000,0.000,33.333,0.000,0,3,0
Dlsuanimosquad,29.032,6.452,64.516,0.000,0.000,0.000,58.065,0.000,100.000,0.000,0.000,1,31,0
Janep512,0.000,0.000,0.000,20.000,40.000,20.000,0.000,0.000,0.000,80.000,0.000,0,5,0
Vulpicida,0.000,16.667,0.000,0.000,0.000,33.333,16.667,0.000,16.667,33.333,0.000,1,6,0
"Mahayag, San Miguel, Bohol",11.111,11.111,22.222,0.000,0.000,5.556,16.667,0.000,44.444,5.556,0.000,1,18,0
Jayasimha KR,0.000,28.571,42.857,0.000,0.000,0.000,14.286,0.000,71.429,0.000,0.000,1,7,0
OtherKevin,12.913,10.210,6.006,11.712,14.414,4.505,5.706,1.201,29.129,30.631,1.802,0,333,0
Philip Hab,0.000,0.000,0.000,0.000,0.000,0.000,0.000,0.000,0.000,0.000,20.000,1,5,0
Hasnain A Chaudhary,0.000,0.000,100.000,0.000,0.000,0.000,75.000,0.000,100.000,0.000,0.000,1,4,0
Chelseafcfc1905,0.000,0.000,0.000,22.609,40.000,33.043,20.000,0.000,0.000,95.652,1.739,1,115,0
CJS9001,11.111,22.222,33.333,0.000,0.000,0.000,11.111,0.000,66.667,0.000,0.000,0,18,0
Grandmachile,16.667,0.000,0.000,11.111,11.111,11.111,5.556,0.000,16.667,33.333,5.556,0,18,0
UTTAM KUMAR GOUDA ATHLETE,0.000,33.333,50.000,0.000,0.000,0.000,16.667,0.000,83.333,0.000,0.000,1,6,0
Barrelhouse chuck,0.000,0.000,0.000,25.000,37.500,25.000,12.500,0.000,0.000,87.500,0.000,0,8,0
Weelious 225,33.333,0.000,0.000,0.000,0.000,0.000,0.000,0.000,33.333,0.000,0.000,1,3,0
3DFilmaker,4.348,0.000,30.435,0.000,0.000,4.348,13.043,0.000,34.783,4.348,0.000,0,23,0
Adityaisindian,0.000,3.704,0.000,11.111,25.926,37.037,3.704,0.000,3.704,74.074,0.000,0,27,0
2r3y,0.000,0.000,0.000,0.000,0.000,0.000,0.000,0.000,0.000,0.000,0.000,1,2,0
Victorashkan,33.333,33.333,33.333,0.000,0.000,0.000,0.000,0.000,100.000,0.000,0.000,1,3,0
Tonybetrus,0.000,0.000,0.000,0.000,50.000,25.000,0.000,0.000,0.000,75.000,0.000,1,4,0
Lib2know,16.667,0.000,0.000,0.000,0.000,16.667,0.000,0.000,16.667,16.667,0.000,1,6,0
Likewhatever666,0.000,0.000,66.667,0.000,0.000,0.000,50.000,0.000,66.667,0.000,0.000,1,6,0
Fomentingrevolution,4.545,4.545,11.364,6.818,0.000,4.545,15.909,0.000,20.455,11.364,0.000,0,44,0
Msaadshahid,0.000,0.000,0.000,0.000,0.000,33.333,0.000,0.000,0.000,33.333,0.000,1,3,0
Dohwid,13.043,0.000,17.391,13.043,8.696,21.739,30.435,0.000,30.435,43.478,0.000,0,23,0
RS GOWDRU,13.333,13.333,46.667,0.000,0.000,0.000,40.000,0.000,73.333,0.000,0.000,1,15,0
TTPU,50.000,0.000,0.000,0.000,0.000,0.000,0.000,0.000,50.000,0.000,0.000,1,2,0
Medboom24,0.000,0.000,0.000,50.000,0.000,37.500,37.500,0.000,0.000,87.500,0.000,1,8,0
Vincentb21,0.000,66.667,33.333,0.000,0.000,0.000,0.000,0.000,100.000,0.000,0.000,1,3,0
AHMED JAMAL AHSAN,0.000,50.000,0.000,0.000,0.000,0.000,0.000,0.000,50.000,0.000,0.000,1,4,0
Yulha Nanta,33.333,16.667,50.000,0.000,0.000,0.000,25.000,0.000,100.000,0.000,0.000,1,12,0
MaggieLongshore,0.000,0.000,0.000,4.615,1.538,0.000,0.000,0.000,0.000,6.154,1.538,0,65,0
The King of Hip Hop,0.000,50.000,50.000,0.000,0.000,0.000,0.000,0.000,100.000,0.000,0.000,1,4,0
Tifratin,0.000,0.000,0.000,5.556,0.000,0.000,0.000,0.000,0.000,5.556,33.333,0,18,0
Chef Abhishek Choudhary,60.000,0.000,0.000,0.000,0.000,0.000,0.000,0.000,60.000,0.000,0.000,1,5,0
Manglow,0.338,0.000,12.500,3.716,6.081,13.514,18.919,0.000,12.838,23.311,1.351,0,296,0
Almani143,11.111,7.407,16.667,0.000,0.000,0.000,16.667,0.000,35.185,0.000,0.000,1,54,0
Cmanrussia,0.000,0.000,0.000,0.000,0.000,0.000,0.000,0.000,0.000,0.000,0.000,1,2,0
ChrisKaue,0.000,0.000,8.333,12.500,29.167,29.167,20.833,0.000,8.333,70.833,0.000,1,24,0
Omerhussain-nithm,26.667,13.333,13.333,0.000,0.000,0.000,6.667,0.000,53.333,0.000,0.000,1,15,0
Ksdjscotland,0.000,0.000,0.000,0.000,0.000,25.000,0.000,0.000,0.000,25.000,0.000,1,4,0
Parnika.pavanram,4.255,2.128,17.021,0.000,0.000,0.000,17.021,0.000,23.404,0.000,0.000,1,47,0
Jitendra Gahlod,0.000,20.000,15.000,0.000,0.000,0.000,5.000,0.000,35.000,0.000,0.000,1,20,0
Gabriela Dumitru BBY,33.333,50.000,16.667,0.000,0.000,0.000,5.556,0.000,100.000,0.000,0.000,1,18,0
Alan florencia,12.500,6.944,23.611,0.000,0.000,0.000,25.000,0.000,43.056,0.000,0.000,1,72,0
Hamidebrahimi1984,57.895,5.263,31.579,0.000,0.000,0.000,21.053,0.000,94.737,0.000,0.000,1,19,0
Mansigurav,50.000,50.000,0.000,0.000,0.000,0.000,0.000,0.000,100.000,0.000,0.000,1,4,0
Anthony Austin UK,0.000,0.000,25.000,0.000,0.000,0.000,0.000,0.000,25.000,0.000,0.000,0,4,0
CarleyHuggins,0.000,0.000,0.000,0.000,0.000,0.000,0.000,0.000,0.000,0.000,0.000,0,3,0
Jabin Baidya,0.000,0.000,33.333,0.000,0.000,0.000,33.333,0.000,33.333,0.000,0.000,1,3,0
Shivanandseo,50.000,20.000,0.000,0.000,0.000,0.000,0.000,0.000,70.000,0.000,0.000,1,10,0
SRChinmaya,6.122,2.041,24.490,0.000,0.000,0.000,22.449,0.000,32.653,0.000,0.000,1,49,0
Meyank Deonie,15.030,28.858,23.246,2.806,1.002,17.034,28.056,0.000,67.134,20.842,1.403,0,499,0
Cap637,0.000,0.000,0.000,0.000,0.000,0.000,0.000,0.000,0.000,0.000,0.000,0,5,0
NailahAli,0.000,0.000,0.000,0.000,0.000,0.000,0.000,0.000,0.000,0.000,0.000,0,1,0
SHU2014,0.000,0.000,5.263,15.789,5.263,10.526,10.526,0.000,5.263,31.579,5.263,0,19,0
Failedprojects,10.331,17.769,16.529,0.000,0.000,0.413,11.570,0.000,44.628,0.413,0.000,1,242,0
Shaisharabi,42.857,0.000,14.286,0.000,0.000,0.000,28.571,0.000,57.143,0.000,0.000,1,7,0
Tmanuel2,0.000,0.000,0.000,25.000,0.000,50.000,50.000,0.000,0.000,75.000,0.000,1,4,0
Erle.richards,0.000,40.000,0.000,0.000,20.000,0.000,0.000,0.000,40.000,20.000,0.000,0,5,0
Lavinder111,22.222,0.000,0.000,0.000,0.000,0.000,11.111,0.000,22.222,0.000,0.000,1,9,0
Mannavaadi,0.000,25.000,0.000,0.000,0.000,0.000,0.000,0.000,25.000,0.000,0.000,0,4,0
Decancqm,50.000,0.000,0.000,0.000,0.000,0.000,0.000,0.000,50.000,0.000,0.000,0,2,0
Tambok0599,11.483,4.785,20.096,3.828,0.478,14.833,24.402,0.478,36.364,19.139,0.478,0,209,0
Vishal Sudarshanwar,100.000,0.000,0.000,0.000,0.000,0.000,0.000,0.000,100.000,0.000,0.000,1,2,0
Daryoush.Alipour,0.000,0.000,20.000,0.000,0.000,0.000,0.000,0.000,20.000,0.000,0.000,1,5,0
Ms Dynasty,6.250,0.000,43.750,0.000,0.000,0.000,37.500,0.000,50.000,0.000,0.000,0,16,0
Dato samardzic,0.000,0.000,33.333,0.000,0.000,0.000,0.000,0.000,33.333,0.000,0.000,1,3,0
Gomuse17,0.000,0.000,0.802,1.603,2.605,9.218,6.212,0.000,0.802,13.427,3.808,0,499,0
StudiesWorld,3.206,2.806,14.830,1.403,0.401,4.208,13.828,0.000,20.842,6.012,0.000,1,499,0
MIPHLP,33.333,11.111,33.333,0.000,0.000,0.000,11.111,0.000,77.778,0.000,0.000,1,9,0
Syedumershah,0.000,50.000,0.000,0.000,0.000,0.000,0.000,0.000,50.000,0.000,0.000,1,2,0
Gruzzly,0.000,0.000,0.000,0.000,0.000,20.000,10.000,0.000,0.000,20.000,0.000,0,10,0
ILGENAS,7.692,3.846,0.000,11.538,26.923,42.308,34.615,0.000,11.538,80.769,0.000,1,26,0
AlexTeddy888,3.185,1.274,5.732,18.471,8.280,21.656,19.745,0.000,10.191,48.408,3.185,1,157,0
Arleigh16,0.000,0.000,0.000,23.077,15.385,30.769,15.385,7.692,0.000,69.231,7.692,1,13,0
CCampbell95,28.571,0.000,28.571,0.000,14.286,0.000,14.286,0.000,57.143,14.286,0.000,1,7,0
Peter Yeung,9.091,0.000,0.000,0.000,0.000,0.000,0.000,0.000,9.091,0.000,27.273,1,11,0
Saim.ch6,25.000,0.000,50.000,0.000,0.000,0.000,75.000,0.000,75.000,0.000,0.000,1,4,0
SMalygin,0.000,0.000,4.762,4.762,14.286,4.762,0.000,0.000,4.762,23.810,0.000,0,21,0
Ramsuresh sahu,50.000,0.000,0.000,0.000,0.000,0.000,0.000,0.000,50.000,0.000,0.000,0,2,0
Ravianus Shambeni,50.000,25.000,25.000,0.000,0.000,0.000,0.000,0.000,100.000,0.000,0.000,1,4,0
A cardboard microwave,2.703,5.405,8.108,8.108,0.000,5.405,5.405,2.703,16.216,13.514,2.703,1,37,0
Obax17,0.000,0.000,0.000,0.000,0.000,0.000,0.000,0.000,0.000,0.000,0.000,0,3,0
Starabhivyakti,0.000,0.000,0.000,0.000,0.000,0.000,0.000,0.000,0.000,0.000,0.000,0,2,0
SulurBidar,0.000,0.000,0.000,0.000,0.000,0.000,0.000,0.000,0.000,0.000,0.000,1,2,0
Khadimeshiekh,0.000,16.667,0.000,0.000,25.000,8.333,0.000,0.000,16.667,33.333,0.000,0,12,0
Athornalley,0.000,0.000,0.000,50.000,21.429,21.429,21.429,0.000,0.000,92.857,0.000,1,14,0
Myopaindoc,0.000,0.000,0.000,18.182,18.182,36.364,18.182,0.000,0.000,72.727,0.000,1,11,0
Alexthegreat334,4.000,0.000,0.000,24.000,32.000,8.000,8.000,0.000,4.000,64.000,0.000,1,25,0
Matt Faus,0.000,0.000,50.000,0.000,0.000,0.000,0.000,0.000,50.000,0.000,0.000,1,2,0
Lsm1032,11.111,8.333,80.556,0.000,0.000,0.000,75.000,0.000,100.000,0.000,0.000,1,36,0
Munnytwist,0.000,0.000,0.000,0.000,0.000,0.000,0.000,0.000,0.000,0.000,0.000,0,4,0
DD Khera,8.333,0.000,8.333,16.667,8.333,33.333,25.000,0.000,16.667,58.333,0.000,1,12,0
Hirdesh Kumar Sharma,0.000,0.000,0.000,0.000,0.000,0.000,0.000,0.000,0.000,0.000,0.000,1,2,0
Arkaitz.iba,0.000,16.667,0.000,16.667,16.667,16.667,16.667,0.000,16.667,50.000,0.000,0,6,0
Buddhinuwan2010,0.000,100.000,0.000,0.000,0.000,0.000,0.000,0.000,100.000,0.000,0.000,1,2,0
Lahorepak,0.000,0.000,0.000,0.000,0.000,75.000,50.000,0.000,0.000,75.000,0.000,1,4,0
Njoroge Wa Chege,0.000,0.000,100.000,0.000,0.000,0.000,50.000,0.000,100.000,0.000,0.000,1,2,0
Auxerion125,0.000,0.000,0.000,30.000,0.000,40.000,30.000,0.000,0.000,70.000,0.000,1,10,0
Leahduncan69,0.000,0.000,33.333,33.333,0.000,0.000,0.000,0.000,33.333,33.333,0.000,0,3,0
Alphonse93,0.000,50.000,0.000,0.000,0.000,0.000,0.000,0.000,50.000,0.000,0.000,1,2,0
Gaurav Machivle,37.500,12.500,37.500,0.000,0.000,0.000,37.500,0.000,87.500,0.000,0.000,1,8,0
Stolbovsky,0.000,33.333,0.000,0.000,0.000,0.000,0.000,0.000,33.333,0.000,0.000,0,3,0
Permanent Student,0.000,20.000,0.000,10.000,0.000,30.000,10.000,0.000,20.000,40.000,0.000,0,10,0
Aurynbearer,0.000,50.000,20.000,0.000,0.000,0.000,0.000,0.000,70.000,0.000,0.000,1,10,0
Sstanley93,0.000,0.000,0.000,0.000,20.000,60.000,40.000,0.000,0.000,80.000,0.000,1,5,0
Jgirl204,0.000,0.000,57.143,0.000,0.000,0.000,28.571,0.000,57.143,0.000,0.000,1,7,0
Spacemonkey4445,25.000,50.000,25.000,0.000,0.000,0.000,25.000,0.000,100.000,0.000,0.000,1,4,0
QuinnThat,0.000,0.000,0.000,0.000,0.000,0.000,0.000,0.000,0.000,0.000,0.000,0,2,0
Zythes,0.000,0.000,0.000,0.000,0.000,0.000,0.000,0.000,0.000,0.000,0.000,0,2,0
Vdrey,0.000,0.000,0.000,0.000,0.000,0.000,0.000,0.000,0.000,0.000,0.000,0,5,0
Libre.karthik,50.000,0.000,50.000,0.000,0.000,0.000,0.000,0.000,100.000,0.000,0.000,1,2,0
GoodBetterBestNeverLetItRest,1.852,0.000,29.630,1.852,0.000,0.000,29.630,0.000,31.481,1.852,0.000,0,54,0
PhillySportsGuru25,5.333,0.000,8.000,20.000,24.000,10.667,10.667,0.000,13.333,54.667,0.000,0,75,0
IA flyboy,9.615,0.000,21.154,0.000,0.000,0.000,25.000,0.000,30.769,0.000,0.000,0,52,0
Di marcus jones,66.667,0.000,0.000,0.000,0.000,0.000,33.333,0.000,66.667,0.000,0.000,1,3,0
Thomas Federico,0.000,66.667,0.000,0.000,0.000,0.000,0.000,0.000,66.667,0.000,0.000,1,3,0
Abdulaziz ttpu,50.000,0.000,0.000,0.000,0.000,0.000,0.000,0.000,50.000,0.000,0.000,0,2,0
Haildiam0nd,33.333,33.333,0.000,0.000,0.000,0.000,0.000,0.000,66.667,0.000,0.000,1,3,0
Shield543,13.333,20.000,20.000,0.000,0.000,0.000,6.667,0.000,53.333,0.000,0.000,1,15,0
Roopal.1994,16.667,0.000,50.000,0.000,0.000,0.000,33.333,0.000,66.667,0.000,0.000,1,6,0
Vaibhavalung,0.000,0.000,0.000,36.364,0.000,45.455,36.364,0.000,0.000,81.818,0.000,0,11,0
Edward Sodaro MD,0.000,0.000,0.000,0.000,14.286,14.286,0.000,0.000,0.000,28.571,0.000,0,7,0
Olga Solov,15.789,0.000,10.526,10.526,42.105,5.263,5.263,0.000,26.316,57.895,0.000,1,19,0
Ehsaan.geo,0.000,0.000,100.000,0.000,0.000,0.000,0.000,0.000,100.000,0.000,0.000,1,1,0
Rambodfar,0.000,0.000,0.000,0.000,0.000,30.000,20.000,0.000,0.000,30.000,0.000,1,10,0
Peter Quotlant Amoro,33.333,0.000,27.778,0.000,0.000,0.000,22.222,0.000,61.111,0.000,0.000,1,18,0
Snowbooks423,0.000,0.000,0.000,3.846,0.000,25.962,22.115,0.000,0.000,29.808,5.769,0,104,0
Foxsch,18.779,4.695,50.704,0.000,0.000,0.000,41.784,0.000,74.178,0.000,0.000,0,213,0
Emergency Service 11,0.000,0.000,33.333,0.000,0.000,0.000,33.333,0.000,33.333,0.000,0.000,1,3,0
Jackinessity,39.474,10.526,44.737,0.000,0.000,0.000,34.211,0.000,94.737,0.000,0.000,1,38,0
Cenet Elias Ino,0.000,0.000,34.146,0.000,0.000,0.000,31.707,0.000,34.146,0.000,0.000,1,41,0
Fabuloushusky,10.000,3.750,23.750,7.500,7.500,11.250,28.750,0.000,37.500,26.250,0.000,0,80,0
GermarRudolf,4.167,4.167,33.333,8.333,0.000,0.000,25.000,0.000,41.667,8.333,0.000,0,24,0
Hegdeashwin,18.182,45.455,27.273,0.000,0.000,0.000,13.636,0.000,90.909,0.000,0.000,1,22,0
Veronicajenifer,10.000,0.000,10.000,0.000,0.000,0.000,20.000,0.000,20.000,0.000,0.000,1,10,0
Ryk72,17.431,48.624,12.844,0.000,0.000,0.000,3.670,0.000,78.899,0.000,1.835,1,109,0
AnjaRibic,50.000,0.000,50.000,0.000,0.000,0.000,50.000,0.000,100.000,0.000,0.000,1,2,0
Fahdkabir,0.000,0.000,100.000,0.000,0.000,0.000,50.000,0.000,100.000,0.000,0.000,1,2,0
Daveisdave,0.000,75.000,0.000,0.000,0.000,0.000,0.000,0.000,75.000,0.000,0.000,1,4,0
Lapskep,7.407,0.000,25.926,0.000,0.000,0.000,29.630,0.000,33.333,0.000,0.000,1,54,0
Brojoe73,25.000,0.000,50.000,0.000,0.000,0.000,25.000,0.000,75.000,0.000,0.000,1,4,0
Uma vkr,33.333,0.000,66.667,0.000,0.000,0.000,66.667,0.000,100.000,0.000,0.000,1,3,0
KedavraAvada,0.000,0.000,14.286,0.000,0.000,28.571,14.286,0.000,14.286,28.571,0.000,0,7,0
ChemStudent24601,14.286,4.762,9.524,0.000,0.000,0.000,4.762,0.000,28.571,0.000,0.000,1,21,0
Mudasar niaz,25.000,0.000,50.000,0.000,0.000,0.000,25.000,0.000,75.000,0.000,0.000,1,4,0
Chebbychabba112,0.000,0.000,0.000,33.333,0.000,0.000,0.000,0.000,0.000,33.333,0.000,0,3,0
Jaweed1234,31.579,15.789,15.789,0.000,0.000,0.000,15.789,0.000,63.158,0.000,0.000,1,19,0
Aziz ennaji,0.000,50.000,0.000,0.000,0.000,0.000,0.000,0.000,50.000,0.000,0.000,1,6,0
Hdlb0006,42.857,14.286,14.286,0.000,0.000,0.000,14.286,0.000,71.429,0.000,0.000,1,7,0
Barbara Bloom,50.000,50.000,0.000,0.000,0.000,0.000,0.000,0.000,100.000,0.000,0.000,1,2,0
Celebritynews101,15.000,35.000,35.000,0.000,0.000,0.000,15.000,0.000,85.000,0.000,0.000,1,20,0
Asap ar5on,0.000,0.000,0.000,20.000,20.000,0.000,0.000,0.000,0.000,40.000,0.000,1,5,0
Kodalmafia98,0.000,0.000,0.000,0.000,0.000,0.000,0.000,0.000,0.000,0.000,0.000,0,3,0
Sahana jercy.u,33.333,0.000,33.333,0.000,0.000,0.000,33.333,0.000,66.667,0.000,0.000,1,3,0
MIVZL,16.667,0.000,66.667,0.000,0.000,0.000,50.000,0.000,83.333,0.000,0.000,1,6,0
ASdePiqueOFE,0.000,0.000,0.000,33.333,0.000,33.333,0.000,0.000,0.000,66.667,0.000,0,3,0
Orpheus Rex,3.636,1.818,25.455,0.000,0.000,0.000,21.818,0.000,30.909,0.000,0.000,0,55,0
Somebobby,0.000,0.000,0.000,0.000,0.000,33.333,0.000,0.000,0.000,33.333,0.000,0,3,0
Retnee,0.000,0.000,50.000,0.000,0.000,0.000,0.000,0.000,50.000,0.000,0.000,1,2,0
Firsteleventh,4.255,2.128,23.404,5.319,1.064,31.915,48.936,0.000,29.787,38.298,0.000,0,94,0
Colerox54321,9.091,18.182,9.091,0.000,9.091,9.091,9.091,0.000,36.364,18.182,0.000,0,11,0
Anupam Kumar Chhotu,0.000,50.000,50.000,0.000,0.000,0.000,0.000,0.000,100.000,0.000,0.000,1,2,0
Enem estate,50.000,50.000,0.000,0.000,0.000,0.000,0.000,0.000,100.000,0.000,0.000,1,2,0
Sintujaggi,0.000,0.000,0.000,9.677,6.452,75.806,67.742,0.000,0.000,91.935,0.000,1,62,0
Subodh Kumar Vishwakarma,0.000,50.000,0.000,0.000,0.000,0.000,0.000,0.000,50.000,0.000,0.000,1,2,0
Ashokkumaraggarwal48,0.000,0.000,0.000,0.000,0.000,0.000,0.000,0.000,0.000,0.000,0.000,1,1,0
JaskierekCukierek,14.286,14.286,42.857,0.000,0.000,0.000,28.571,0.000,71.429,0.000,0.000,1,7,0
Great Showman,0.000,0.000,4.762,23.810,14.286,9.524,9.524,0.000,4.762,47.619,4.762,1,21,0
ReedWrite,0.000,0.000,40.000,0.000,0.000,0.000,20.000,0.000,40.000,0.000,0.000,1,5,0
Dhanam 241993,25.000,0.000,25.000,0.000,0.000,0.000,0.000,0.000,50.000,0.000,0.000,1,4,0
Vvnishant,0.000,50.000,16.667,0.000,0.000,0.000,0.000,0.000,66.667,0.000,0.000,1,6,0
Augustcinemaind,0.000,0.000,4.000,12.000,0.000,72.000,60.000,0.000,4.000,84.000,0.000,0,25,0
Swagbot27613,1.002,1.603,7.816,7.816,5.411,16.232,13.627,0.200,10.421,29.459,10.822,0,499,0
Blowhorners,0.000,0.000,0.000,0.000,20.000,0.000,0.000,0.000,0.000,20.000,20.000,0,5,0
Gmehmetay,14.286,0.000,14.286,0.000,0.000,14.286,14.286,0.000,28.571,14.286,0.000,0,7,0
Drakeky,0.000,0.000,13.636,4.545,9.091,31.818,31.818,0.000,13.636,45.455,4.545,0,22,0
EasyStreetMusings,15.385,10.256,41.026,2.564,0.000,5.128,35.897,0.000,66.667,7.692,2.564,1,39,0
SuicideSociety,7.692,0.000,0.000,0.000,15.385,23.077,0.000,0.000,7.692,38.462,0.000,0,13,0
Pezminer12,0.000,2.128,4.255,0.000,0.000,10.638,2.128,0.000,6.383,10.638,4.255,0,47,0
Scotjaykay1973,40.000,20.000,30.000,0.000,0.000,0.000,20.000,0.000,90.000,0.000,0.000,1,10,0
RiservaZingaroNet,18.182,0.000,27.273,9.091,0.000,0.000,27.273,0.000,45.455,9.091,0.000,1,11,0
