counter,crmv
14,1
19,1
32,1
36,1
62,1
72,1
73,1
81,1
84,1
102,1
107,1
108,1
110,1
123,1
125,1
126,1
127,1
187,1
188,1
217,1
218,1
220,1
221,1
222,1
223,1
224,1
225,1
226,1
230,1
236,1
267,1
269,1
289,1
303,1
310,1
311,1
312,1
313,1
314,1
315,1
322,1
330,1
331,1
332,1
333,1
339,1
341,1
342,1
344,1
350,1
351,1
354,1
391,1
396,1
403,1
420,1
542,1
543,1
776,1
814,1
815,1
817,1
818,1
819,1
861,1
924,1
1008,1
1010,1
1014,1
1015,1
1017,1
1018,1
1019,1
1020,1
1216,1
1227,1
1258,1
1260,1
1261,1
1371,1
1383,1
1399,1
1422,1
1431,1
1436,1
1437,1
1528,1
1549,1
1582,1
1588,1
1591,1
1595,1
1602,1
1603,1
1604,1
1605,1
1607,1
1608,1
1609,1
1611,1
1614,1
1619,1
1626,1
1627,1
1628,1
1629,1
1630,1
1632,1
1651,1
1666,1
1674,1
1675,1
1676,1
1681,1
1682,1
1683,1
1686,1
1687,1
1695,1
1698,1
1700,1
1701,1
1707,1
1716,1
1730,1
1731,1
1793,1
1808,1
1935,1
1936,1
1940,1
1941,1
1942,1
1946,1
1948,1
1950,1
1953,1
1955,1
1963,1
1964,1
1969,1
1970,1
1976,1
1978,1
1981,1
1982,1
1985,1
1986,1
1987,1
1988,1
1989,1
1991,1
1995,1
1996,1
1997,1
1998,1
1999,1
2000,1
2003,1
2004,1
2007,1
2008,1
2009,1
2010,1
2011,1
2012,1
2013,1
2014,1
2015,1
2016,1
2019,1
2021,1
2023,1
2024,1
2026,1
2029,1
2030,1
2032,1
2033,1
2035,1
2037,1
2054,1
2056,1
2057,1
2060,1
2063,1
2064,1
2069,1
2070,1
2072,1
2073,1
2074,1
2076,1
2077,1
2078,1
2084,1
2085,1
2088,1
2090,1
2091,1
2092,1
2093,1
2094,1
2095,1
2096,1
2099,1
2100,1
2101,1
2106,1
2107,1
2108,1
2109,1
2110,1
2111,1
2115,1
2117,1
2118,1
2124,1
2125,1
2129,1
2131,1
2132,1
2134,1
2135,1
2146,1
2186,1
2189,1
2190,1
2191,1
2192,1
2193,1
2194,1
2197,1
2198,1
2199,1
2201,1
2202,1
2203,1
2204,1
2206,1
2215,1
2222,1
2223,1
2252,1
2263,1
2265,1
2286,1
2289,1
2295,1
2300,1
2312,1
2500,1
2502,1
2503,1
2504,1
2505,1
2507,1
2508,1
2510,1
2526,1
2527,1
2528,1
2531,1
2534,1
2535,1
2536,1
2537,1
2538,1
2539,1
2562,1
2601,1
2605,1
2606,1
2612,1
2613,1
2616,1
2618,1
2619,1
2620,1
2629,1
2631,1
2632,1
2634,1
2637,1
2638,1
2640,1
2643,1
2645,1
2646,1
2647,1
2649,1
2650,1
2651,1
2652,1
2653,1
2655,1
2656,1
2657,1
2661,1
2664,1
2665,1
2666,1
2667,1
2669,1
2696,1
2721,1
2730,1
2761,1
2779,1
2786,1
2791,1
2792,1
2793,1
2794,1
2795,1
2796,1
2803,1
2808,1
2869,1
2874,1
2877,1
2902,1
2905,1
2912,1
2913,1
2923,1
2926,1
3001,1
3006,1
3007,1
3086,1
3435,1
3451,1
3503,1
3504,1
3510,1
3536,1
3537,1
3538,1
3539,1
3540,1
3546,1
3547,1
3548,1
3551,1
3558,1
3563,1
3597,1
3620,1
3621,1
3626,1
3628,1
3630,1
3631,1
3632,1
3636,1
3642,1
3644,1
3646,1
3648,1
3650,1
3654,1
3655,1
3656,1
3657,1
3658,1
3660,1
3661,1
3663,1
3665,1
3666,1
3667,1
3668,1
3670,1
3677,1
3678,1
3679,1
3681,1
3685,1
3686,1
3689,1
3694,1
3727,1
3728,1
3730,1
3731,1
3732,1
3735,1
3769,1
3777,1
3780,1
3787,1
3788,1
3871,1
3872,1
3913,1
3917,1
3920,1
4041,1
4216,1
4217,1
4238,1
4262,1
4299,1
4337,1
4451,1
4477,1
4478,1
4622,1
4630,1
4641,1
4644,1
4645,1
4714,1
4765,1
4766,1
4787,1
4790,1
4791,1
4792,1
4794,1
4795,1
4796,1
4921,1
4923,1
4934,1
4942,1
4996,1
5027,1
5029,1
5050,1
5059,1
5074,1
5075,1
5077,1
5080,1
5089,1
5094,1
5095,1
5101,1
5103,1
5104,1
5112,1
5117,1
5124,1
5125,1
5127,1
5128,1
5129,1
5130,1
5133,1
5135,1
5136,1
5138,1
5140,1
5153,1
5156,1
5157,1
5160,1
5163,1
5164,1
5165,1
5166,1
5167,1
5168,1
5169,1
5170,1
5171,1
5172,1
5173,1
5177,1
5180,1
5255,1
5257,1
5258,1
5271,1
5280,1
5290,1
5304,1
5334,1
5337,1
5338,1
5343,1
5345,1
5346,1
5347,1
5348,1
5397,1
5398,1
5401,1
5403,1
5432,1
5434,1
5447,1
5448,1
5450,1
5452,1
5454,1
5456,1
5458,1
5459,1
5481,1
5483,1
5488,1
5493,1
5497,1
5502,1
5503,1
5504,1
5505,1
5509,1
5511,1
5512,1
5514,1
5521,1
5523,1
5525,1
5527,1
5529,1
5530,1
5564,1
5565,1
5566,1
5567,1
5569,1
5571,1
5576,1
5578,1
5579,1
5615,1
5629,1
5636,1
5638,1
5640,1
5641,1
5642,1
5643,1
5659,1
5682,1
5775,1
5794,1
5807,1
5808,1
5813,1
5816,1
5817,1
5818,1
5819,1
5820,1
5829,1
5830,1
5834,1
5836,1
5842,1
5844,1
5849,1
5867,1
5869,1
5873,1
5874,1
5875,1
5876,1
5877,1
5878,1
5884,1
5885,1
5915,1
5924,1
5980,1
6003,1
6005,1
6006,1
6007,1
6009,1
6023,1
6065,1
6068,1
6069,1
6076,1
6078,1
6104,1
6105,1
6113,1
6114,1
6115,1
6119,1
6121,1
6123,1
6151,1
6152,1
6153,1
6173,1
6178,1
6179,1
6189,1
6190,1
6212,1
6213,1
6214,1
6215,1
6224,1
6233,1
6234,1
6237,1
6238,1
6241,1
6242,1
6243,1
6250,1
6251,1
6252,1
6254,1
6261,1
6262,1
6277,1
6285,1
6288,1
6292,1
6294,1
6298,1
6301,1
6307,1
6319,1
6325,1
6367,1
6393,1
6398,1
6400,1
6408,1
6427,1
6431,1
6434,1
6435,1
6437,1
6441,1
6442,1
6454,1
6460,1
6463,1
6468,1
6469,1
6485,1
6500,1
6501,1
6503,1
6506,1
6521,1
6527,1
6533,1
6534,1
6541,1
6552,1
6554,1
6561,1
6562,1
6573,1
6574,1
6575,1
6576,1
6578,1
6581,1
6582,1
6583,1
6584,1
6587,1
6590,1
6593,1
6728,1
6733,1
6736,1
6738,1
6740,1
6742,1
6743,1
6746,1
6748,1
6751,1
6753,1
6756,1
6757,1
6758,1
6759,1
6760,1
6761,1
6763,1
6767,1
6768,1
6778,1
6787,1
6788,1
6796,1
6806,1
6807,1
6814,1
6819,1
6820,1
6826,1
6830,1
6832,1
6833,1
6834,1
6839,1
6842,1
6843,1
6845,1
6847,1
6852,1
6853,1
6857,1
6861,1
6877,1
6878,1
6879,1
6881,1
6900,1
6901,1
6912,1
6916,1
6917,1
6918,1
6922,1
6924,1
6925,1
6926,1
6927,1
6928,1
6931,1
6932,1
6938,1
6945,1
6949,1
6950,1
6951,1
6966,1
6968,1
6970,1
6981,1
6982,1
6983,1
6984,1
6985,1
6986,1
6987,1
6988,1
6989,1
6991,1
6994,1
6998,1
6999,1
7000,1
7008,1
7052,1
7065,1
7077,1
7081,1
7083,1
7087,1
7091,1
7092,1
7093,1
7095,1
7136,1
7140,1
7141,1
7145,1
7150,1
7151,1
7158,1
7160,1
7162,1
7165,1
7166,1
7167,1
7169,1
7172,1
7173,1
7174,1
7175,1
7176,1
7177,1
7179,1
7180,1
7181,1
7182,1
7183,1
7184,1
7187,1
7188,1
7214,1
7218,1
7221,1
7223,1
7235,1
7237,1
7240,1
7242,1
7243,1
7253,1
7260,1
7261,1
7263,1
7267,1
7269,1
7275,1
7278,1
7280,1
7281,1
7282,1
7286,1
7288,1
7290,1
7296,1
7387,1
7403,1
7407,1
7408,1
7415,1
7447,1
7449,1
7455,1
7456,1
7465,1
7494,1
7501,1
7506,1
7508,1
7515,1
7519,1
7521,1
7522,1
7524,1
7527,1
7528,1
7529,1
7530,1
7531,1
7542,1
7543,1
7548,1
7549,1
7562,1
7568,1
7571,1
7595,1
7601,1
7615,1
7617,1
7618,1
7646,1
7647,1
7657,1
7673,1
7674,1
7678,1
7681,1
7686,1
7687,1
7688,1
7690,1
7692,1
7694,1
7696,1
7697,1
7698,1
7699,1
7701,1
7704,1
7705,1
7708,1
7709,1
7711,1
7712,1
7713,1
7714,1
7715,1
7717,1
7720,1
7721,1
7722,1
7723,1
7724,1
7725,1
7733,1
7735,1
7736,1
7738,1
7782,1
7783,1
7784,1
7785,1
7786,1
7787,1
7789,1
7792,1
7793,1
7799,1
7802,1
7803,1
7804,1
7813,1
7815,1
7817,1
7824,1
7825,1
7828,1
7829,1
7830,1
7832,1
7834,1
7837,1
7844,1
7845,1
7846,1
7848,1
7849,1
7851,1
7852,1
7855,1
7857,1
7860,1
7861,1
7868,1
7885,1
7894,1
7895,1
7946,1
7947,1
7948,1
7981,1
7982,1
8124,1
8125,1
8199,1
8223,1
8348,1
8349,1
8350,1
8389,1
8390,1
8391,1
8394,1
8396,1
8401,1
8402,1
8404,1
8407,1
8408,1
8409,1
8410,1
8411,1
8416,1
8427,1
8428,1
8432,1
8457,1
8469,1
8479,1
8895,1
9058,1
9075,1
9076,1
9148,1
9150,1
9156,1
9218,1
9258,1
9326,1
9331,1
9402,1
9405,1
9406,1
9409,1
9417,1
9422,1
9438,1
9440,1
9441,1
9525,1
9547,1
9574,1
9575,1
9576,1
9577,1
9578,1
9601,1
9629,1
9643,1
9644,1
9646,1
9666,1
9680,1
9727,1
9760,1
9794,1
9801,1
9849,1
9968,1
10034,1
10177,1
10180,1
10186,1
10210,1
10214,1
10215,1
10216,1
10217,1
10218,1
10223,1
10224,1
10225,1
10227,1
10229,1
10233,1
10234,1
10235,1
10236,1
10237,1
10238,1
10240,1
10241,1
10242,1
10243,1
10244,1
10245,1
10250,1
10254,1
10256,1
10257,1
10258,1
10262,1
10266,1
10268,1
10269,1
10276,1
10277,1
10278,1
10281,1
10286,1
10289,1
10290,1
10291,1
10292,1
10293,1
10298,1
10301,1
10302,1
10303,1
10304,1
10306,1
10308,1
10330,1
10455,1
10456,1
10471,1
10490,1
10508,1
10510,1
10534,1
10536,1
10556,1
10557,1
10569,1
10579,1
10601,1
10607,1
10626,1
10681,1
10695,1
10699,1
10718,1
10719,1
10736,1
10756,1
10781,1
10810,1
10830,1
10835,1
10838,1
10852,1
10853,1
10854,1
10889,1
10891,1
10896,1
10905,1
10906,1
10926,1
10970,1
10972,1
10973,1
10984,1
10991,1
10994,1
11011,1
11021,1
11023,1
11024,1
11027,1
11033,1
11045,1
11074,1
11107,1
11132,1
11150,1
11153,1
11166,1
11231,1
11232,1
11233,1
11237,1
11238,1
11239,1
11240,1
11241,1
11242,1
11244,1
11268,1
11271,1
11272,1
11273,1
11274,1
11275,1
11276,1
11277,1
11278,1
11279,1
11280,1
11283,1
11284,1
11286,1
11289,1
11290,1
11291,1
11292,1
11293,1
11295,1
11297,1
11306,1
11307,1
11309,1
11310,1
11311,1
11312,1
11314,1
11315,1
11323,1
11324,1
11325,1
11328,1
11347,1
11348,1
11350,1
11351,1
11352,1
11356,1
11362,1
11363,1
11378,1
11380,1
11382,1
11387,1
11388,1
11390,1
11391,1
11392,1
11395,1
11396,1
11397,1
11398,1
11403,1
11425,1
11436,1
11437,1
11453,1
11493,1
11497,1
11506,1
11507,1
11508,1
11512,1
11513,1
11519,1
11521,1
11523,1
11540,1
11542,1
11543,1
11565,1
11610,1
11612,1
11706,1
11721,1
11790,1
11792,1
11810,1
11813,1
11814,1
11815,1
11816,1
11835,1
11837,1
11879,1
11884,1
11885,1
11912,1
11967,1
11968,1
12001,1
12008,1
12104,1
12120,1
12121,1
12126,1
12127,1
12699,1
12704,1
12727,1
12740,1
12742,1
12754,1
12757,1
12760,1
12768,1
12770,1
12773,1
12837,1
12839,1
12860,1
12861,1
12882,1
12883,1
12884,1
12885,1
12958,1
12959,1
12960,1
12961,1
12962,1
12968,1
13001,1
13020,1
13027,1
13028,1
13029,1
13031,1
13032,1
13033,1
13034,1
13079,1
13080,1
13081,1
13083,1
13084,1
13086,1
13087,1
13088,1
13091,1
13092,1
13094,1
13100,1
13135,1
13166,1
13167,1
13221,1
13278,1
13285,1
13295,1
13306,1
13312,1
13322,1
13326,1
13329,1
13376,1
13395,1
13407,1
13431,1
13450,1
13472,1
13476,1
13477,1
13484,1
13505,1
13513,1
13514,1
13517,1
13518,1
13520,1
13522,1
13523,1
13524,1
13526,1
13528,1
13533,1
13545,1
13551,1
13556,1
13557,1
13558,1
13562,1
13567,1
13572,1
13597,1
13613,1
13614,1
13709,1
13720,1
13721,1
13723,1
13724,1
13725,1
13726,1
13727,1
13728,1
13731,1
13733,1
13737,1
13744,1
13745,1
13746,1
13747,1
13748,1
13749,1
13750,1
13751,1
13752,1
13753,1
13754,1
13755,1
13756,1
13759,1
13760,1
13763,1
13764,1
13766,1
13767,1
13802,1
13810,1
13839,1
13840,1
13841,1
13843,1
13858,1
13859,1
14005,1
14019,1
14027,1
14028,1
14031,1
14033,1
14034,1
14035,1
14036,1
14037,1
14038,1
14042,1
14052,1
14054,1
14058,1
14059,1
14060,1
14061,1
14064,1
14065,1
14066,1
14068,1
14074,1
14100,1
14109,1
14116,1
14117,1
14119,1
14120,1
14122,1
14125,1
14126,1
14154,1
14155,1
14158,1
14159,1
14160,1
14162,1
14165,1
14170,1
14171,1
14173,1
14174,1
14176,1
14182,1
14187,1
14191,1
14195,1
14196,1
14199,1
14208,1
14209,1
14220,1
14221,1
14224,1
14268,1
14375,1
14377,1
14504,1
14517,1
14519,1
14526,1
14537,1
14592,1
14594,1
14595,1
14632,1
14633,1
14634,1
14635,1
14636,1
14639,1
14640,1
14644,1
14645,1
14650,1
14651,1
14653,1
14664,1
14688,1
14697,1
14705,1
14818,1
14819,1
14820,1
14846,1
14853,1
14854,1
14855,1
14898,1
14899,1
14902,1
14903,1
14959,1
15007,1
15034,1
15052,1
15068,1
15073,1
15074,1
15138,1
15190,1
15228,1
15291,1
15405,1
15589,1
15590,1
15591,1
15593,1
15606,1
15610,1
15613,1
15615,1
15646,1
15647,1
15675,1
15678,1
15682,1
15683,1
15685,1
15711,1
15712,1
15717,1
15741,1
15742,1
15743,1
15745,1
15769,1
15779,1
15784,1
15805,1
15813,1
15824,1
15850,1
15853,1
16025,1
16037,1
16042,1
16043,1
16044,1
16054,1
16055,1
16056,1
16057,1
16058,1
16059,1
16061,1
16062,1
16063,1
16081,1
16129,1
16260,1
16273,1
16291,1
16316,1
16374,1
16591,1
16593,1
16594,1
16595,1
16596,1
16598,1
16601,1
16604,1
16607,1
16611,1
16612,1
16613,1
16615,1
16616,1
16618,1
16677,1
16682,1
16708,1
16743,1
16868,1
16869,1
16870,1
16871,1
16873,1
16874,1
16902,1
16905,1
16906,1
16917,1
16918,1
16921,1
16927,1
16931,1
16933,1
16936,1
16938,1
16940,1
16941,1
16942,1
16949,1
16952,1
16953,1
16957,1
16961,1
16964,1
16969,1
16972,1
16975,1
16976,1
16977,1
17018,1
17023,1
17029,1
17044,1
17047,1
17152,1
17191,1
17192,1
17211,1
17212,1
17227,1
17228,1
17230,1
17231,1
17232,1
17235,1
17236,1
17237,1
17238,1
17239,1
17240,1
17241,1
17244,1
17245,1
17250,1
17253,1
17254,1
17255,1
17256,1
17258,1
17262,1
17269,1
17272,1
17273,1
17279,1
17280,1
17282,1
17283,1
17284,1
17290,1
17292,1
17296,1
17297,1
17298,1
17299,1
17300,1
17310,1
17311,1
17313,1
17324,1
17863,1
17864,1
17865,1
17879,1
17887,1
17906,1
17909,1
17938,1
17939,1
17949,1
17966,1
17976,1
17987,1
17990,1
17992,1
18002,1
18004,1
18007,1
18009,1
18048,1
18051,1
18055,1
18056,1
18057,1
18058,1
18059,1
18060,1
18061,1
18062,1
18063,1
18067,1
18087,1
18123,1
18124,1
18125,1
18126,1
18127,1
18128,1
18129,1
18130,1
18131,1
18144,1
18145,1
18191,1
18200,1
18255,1
18269,1
18281,1
18311,1
18312,1
18347,1
18385,1
18408,1
18449,1
18491,1
18500,1
18511,1
18546,1
18558,1
18559,1
18560,1
18566,1
18578,1
18579,1
18586,1
18588,1
18589,1
18592,1
18595,1
18597,1
18600,1
18602,1
18603,1
18609,1
18610,1
18612,1
18613,1
18619,1
18625,1
18626,1
18627,1
18629,1
18631,1
18634,1
18635,1
18638,1
18639,1
18640,1
18641,1
18644,1
18646,1
18647,1
18648,1
18649,1
18650,1
18652,1
18654,1
18655,1
18657,1
18659,1
18661,1
18670,1
18671,1
18673,1
18676,1
18682,1
18685,1
18689,1
18690,1
18694,1
18695,1
18696,1
18701,1
18702,1
18703,1
18705,1
18707,1
18708,1
18709,1
18710,1
18711,1
18712,1
18713,1
18714,1
18716,1
18717,1
18718,1
18719,1
18720,1
18721,1
18722,1
18725,1
18727,1
18729,1
18730,1
18731,1
18732,1
18734,1
18735,1
18736,1
18737,1
18738,1
18739,1
18740,1
18741,1
18743,1
18759,1
18760,1
18761,1
18762,1
18766,1
18768,1
18772,1
18775,1
18776,1
18778,1
18779,1
18781,1
18785,1
18786,1
18787,1
18788,1
18793,1
18813,1
18814,1
18815,1
18816,1
18817,1
18818,1
18819,1
18822,1
18832,1
18856,1
18857,1
18858,1
18860,1
18861,1
18864,1
18865,1
18868,1
18869,1
18871,1
18875,1
18878,1
18879,1
18881,1
18882,1
18883,1
18884,1
18888,1
18889,1
18892,1
18893,1
18896,1
18897,1
18898,1
18901,1
18902,1
18904,1
18905,1
18907,1
18909,1
18918,1
18931,1
18944,1
18953,1
18971,1
18987,1
19049,1
19054,1
19057,1
19077,1
19078,1
19298,1
19352,1
19353,1
19354,1
19355,1
19356,1
19359,1
19364,1
19392,1
19393,1
19420,1
19460,1
19531,1
19534,1
19537,1
19540,1
19541,1
19542,1
19566,1
19567,1
19574,1
19600,1
19681,1
19919,1
19975,1
20225,1
20232,1
20233,1
20239,1
20245,1
20246,1
20251,1
20258,1
20261,1
20282,1
20283,1
20299,1
20302,1
20328,1
20342,1
20369,1
20370,1
20371,1
20384,1
20434,1
20437,1
20450,1
20465,1
20477,1
20478,1
20479,1
20482,1
20484,1
20485,1
20486,1
20487,1
20488,1
20489,1
20490,1
20491,1
20492,1
20493,1
20494,1
20497,1
20501,1
20505,1
20520,1
20521,1
20553,1
20554,1
20581,1
20585,1
20587,1
20588,1
20589,1
20590,1
20596,1
20601,1
20602,1
20632,1
20662,1
20664,1
20665,1
20667,1
20672,1
20703,1
20705,1
20712,1
20713,1
20721,1
20724,1
20772,1
20773,1
20774,1
20896,1
20904,1
20999,1
21056,1
21066,1
21069,1
21070,1
21086,1
21088,1
21095,1
21098,1
21101,1
21113,1
21125,1
21141,1
21143,1
21145,1
21148,1
21149,1
21151,1
21173,1
21174,1
21177,1
21178,1
21179,1
21180,1
21181,1
21182,1
21209,1
21210,1
21230,1
21240,1
21246,1
21249,1
21250,1
21260,1
21276,1
21296,1
21300,1
21301,1
21302,1
21303,1
21306,1
21307,1
21406,1
21512,1
21525,1
21597,1
21598,1
21624,1
21702,1
21739,1
21833,1
21835,1
21855,1
21860,1
21865,1
21866,1
21871,1
21876,1
21878,1
21885,1
21887,1
21888,1
21916,1
21917,1
21929,1
21947,1
21958,1
21968,1
21969,1
21971,1
21973,1
21974,1
21975,1
21976,1
21978,1
21979,1
21980,1
21984,1
21985,1
21986,1
21987,1
21988,1
21989,1
21990,1
21991,1
21993,1
21994,1
21996,1
21997,1
21998,1
21999,1
22000,1
22001,1
22002,1
22003,1
22004,1
22005,1
22006,1
22007,1
22008,1
22009,1
22010,1
22011,1
22012,1
22013,1
22014,1
22015,1
22016,1
22017,1
22018,1
22019,1
22020,1
22021,1
22022,1
22023,1
22024,1
22025,1
22026,1
22028,1
22029,1
22030,1
22031,1
22032,1
22033,1
22069,1
22074,1
22084,1
22099,1
22100,1
22104,1
22127,1
22151,1
22157,1
22174,1
22438,1
22448,1
22638,1
22640,1
22641,1
22648,1
22649,1
22650,1
22652,1
22659,1
22661,1
22662,1
22679,1
22680,1
22681,1
22682,1
22683,1
22685,1
22687,1
22689,1
22690,1
22692,1
22696,1
22702,1
22709,1
22712,1
22713,1
22716,1
22717,1
22718,1
22720,1
22721,1
22784,1
22798,1
22800,1
22801,1
22804,1
22806,1
22811,1
22814,1
22821,1
22822,1
22823,1
22824,1
22825,1
22828,1
22869,1
22870,1
22873,1
22875,1
22905,1
22906,1
22908,1
22909,1
23413,1
23416,1
23417,1
23421,1
23422,1
23423,1
23477,1
23486,1
23487,1
23490,1
23492,1
23494,1
23495,1
23496,1
23505,1
23520,1
23527,1
23536,1
23537,1
23540,1
23541,1
23551,1
23557,1
23612,1
23641,1
23642,1
23649,1
23653,1
23654,1
23665,1
23667,1
23683,1
23690,1
23697,1
23698,1
23700,1
23715,1
23719,1
23732,1
23744,1
23750,1
23751,1
23765,1
23892,1
23901,1
23974,1
23975,1
23978,1
23979,1
23980,1
23984,1
23986,1
23987,1
23990,1
23991,1
23992,1
23993,1
23994,1
23995,1
23998,1
23999,1
24000,1
24005,1
24042,1
24046,1
24069,1
24070,1
24136,1
24137,1
24142,1
24188,1
24192,1
24193,1
24195,1
24204,1
24206,1
24284,1
24491,1
24516,1
24612,1
24613,1
24614,1
24619,1
24629,1
24630,1
24631,1
24632,1
24683,1
24704,1
24706,1
24731,1
24736,1
24737,1
24740,1
24745,1
24798,1
24799,1
24828,1
24855,1
24861,1
24864,1
24865,1
24869,1
24873,1
24874,1
24875,1
24880,1
24882,1
24886,1
24887,1
24889,1
24891,1
24893,1
24920,1
24937,1
24975,1
24999,1
25055,1
25057,1
25097,1
25098,1
25103,1
25113,1
25117,1
25119,1
25182,1
25196,1
25198,1
25236,1
25244,1
25320,1
25401,1
25407,1
25445,1
25463,1
25488,1
25528,1
25540,1
25544,1
25545,1
25549,1
25585,1
25628,1
25632,1
25640,1
25643,1
25648,1
25650,1
25664,1
25666,1
25671,1
25687,1
25699,1
25701,1
25732,1
25735,1
25736,1
25775,1
25792,1
25803,1
25806,1
25807,1
25808,1
25810,1
25811,1
25812,1
25813,1
25816,1
25826,1
25827,1
25832,1
25833,1
25849,1
25853,1
25857,1
25858,1
25864,1
25868,1
25870,1
25871,1
25908,1
25913,1
25914,1
25918,1
25921,1
25922,1
25924,1
25925,1
25937,1
25943,1
25946,1
25957,1
25973,1
25974,1
25975,1
25977,1
25978,1
25982,1
25983,1
25984,1
25987,1
25989,1
26001,1
26078,1
26079,1
26143,1
26144,1
26155,1
26156,1
26254,1
26296,1
26302,1
26304,1
26306,1
26307,1
26308,1
26523,1
26641,1
26642,1
26708,1
26854,1
26888,1
26915,1
27114,1
27119,1
27124,1
27131,1
27132,1
27137,1
27142,1
27144,1
27145,1
27147,1
27148,1
27151,1
27152,1
27171,1
27183,1
27185,1
27201,1
27204,1
27206,1
27207,1
27209,1
27230,1
27235,1
27236,1
27237,1
27243,1
27244,1
27250,1
27251,1
27252,1
27253,1
27254,1
27255,1
27256,1
27258,1
27297,1
27307,1
27308,1
27333,1
27337,1
27339,1
27340,1
27344,1
27346,1
27348,1
27352,1
27361,1
27844,1
27846,1
27847,1
27849,1
27853,1
27855,1
27859,1
27861,1
27863,1
27868,1
27871,1
27872,1
27877,1
27878,1
27882,1
27892,1
27895,1
27900,1
27914,1
27915,1
27926,1
27931,1
27948,1
27949,1
27950,1
27951,1
27952,1
27953,1
27959,1
27960,1
27961,1
27962,1
27964,1
28068,1
28069,1
28108,1
28109,1
28120,1
28121,1
28126,1
28134,1
28174,1
28175,1
28200,1
28201,1
28203,1
28248,1
28249,1
28250,1
28306,1
28312,1
28314,1
28349,1
28616,1
28717,1
28820,1
28821,1
28825,1
28826,1
28828,1
28874,1
28878,1
28899,1
28900,1
28901,1
28903,1
28905,1
28907,1
28909,1
28910,1
28911,1
28912,1
28913,1
28915,1
28916,1
28919,1
28920,1
28923,1
28925,1
28927,1
28930,1
28931,1
28934,1
28936,1
28939,1
28940,1
28941,1
28946,1
28948,1
28956,1
28957,1
28959,1
28960,1
28962,1
28970,1
28971,1
28972,1
28973,1
28997,1
29001,1
29036,1
29037,1
29074,1
29075,1
29076,1
29078,1
29079,1
29086,1
29092,1
29094,1
29120,1
29121,1
29159,1
29161,1
29162,1
29163,1
29164,1
29165,1
29168,1
29170,1
29171,1
29172,1
29224,1
29232,1
29365,1
29387,1
29432,1
29571,1
29572,1
29657,1
29697,1
29880,1
29884,1
29885,1
29886,1
29890,1
29891,1
29892,1
29893,1
29895,1
29902,1
29903,1
29906,1
29907,1
29908,1
29910,1
29911,1
29914,1
29915,1
29918,1
29920,1
29922,1
29923,1
29924,1
29926,1
29928,1
29929,1
29930,1
29931,1
29932,1
29933,1
29934,1
29935,1
29938,1
29939,1
29940,1
29942,1
29944,1
29945,1
29946,1
29947,1
29953,1
29959,1
29961,1
29973,1
29980,1
29985,1
29989,1
29993,1
29996,1
29997,1
29999,1
30004,1
30006,1
30010,1
30011,1
30012,1
30021,1
30023,1
30030,1
30053,1
30063,1
30065,1
30070,1
30071,1
30073,1
30074,1
30076,1
30079,1
30080,1
30081,1
30083,1
30084,1
30085,1
30087,1
30089,1
30091,1
30093,1
30098,1
30100,1
30101,1
30103,1
30107,1
30109,1
30110,1
30112,1
30120,1
30121,1
30122,1
30123,1
30126,1
30136,1
30281,1
30283,1
30288,1
30302,1
30303,1
30304,1
30305,1
30322,1
30325,1
30326,1
30413,1
30428,1
30431,1
30432,1
30433,1
30435,1
30437,1
30447,1
30462,1
30466,1
30468,1
30475,1
30477,1
30482,1
30483,1
30485,1
30486,1
30498,1
30504,1
30507,1
30538,1
30560,1
30567,1
30569,1
30572,1
30576,1
30584,1
30594,1
30601,1
30608,1
30610,1
30620,1
30621,1
30622,1
30627,1
30628,1
30629,1
30630,1
30635,1
30639,1
30642,1
30659,1
30660,1
30676,1
30690,1
30691,1
30692,1
30797,1
30813,1
30814,1
30815,1
30832,1
30863,1
